registry_finca,local_no,2008_option_status,current_control,source_boundary,next_primary_proof
8497,1,CANDIDATE_11_LOCALES_OPTION_PERIMETER,PRIMARY_SCHEDULE_OPEN,"Structural 29/11 alignment only; later owner/title is not proof of the 17-Jun-2008 option schedule.","Original option annex; 2008 title; notices; Registry history; payment/consideration"
8498,2,CANDIDATE_11_LOCALES_OPTION_PERIMETER,PRIMARY_SCHEDULE_OPEN,"Structural 29/11 alignment only; later owner/title is not proof of the 17-Jun-2008 option schedule.","Original option annex; 2008 title; notices; Registry history; payment/consideration"
8499,3,CANDIDATE_11_LOCALES_OPTION_PERIMETER,PRIMARY_SCHEDULE_OPEN,"Structural 29/11 alignment only; later Monte Lanza title evidence is downstream context.","Original option annex; 2008 title; notices; Registry history; 2010 disposition records"
8500,4,CANDIDATE_11_LOCALES_OPTION_PERIMETER,PRIMARY_SCHEDULE_OPEN,"Structural 29/11 alignment only; later Monte Lanza title evidence is downstream context.","Original option annex; 2008 title; notices; Registry history; 2010 disposition records"
8501,5,CANDIDATE_11_LOCALES_OPTION_PERIMETER,PRIMARY_SCHEDULE_OPEN,"Structural 29/11 alignment only; later owner label is not proof of 2008 grantor or option status.","Original option annex; 2008 title; notices; Registry history; 2010 disposition records"
8502,6,CANDIDATE_11_LOCALES_OPTION_PERIMETER,PRIMARY_SCHEDULE_OPEN,"Structural 29/11 alignment only; later owner label is not proof of 2008 grantor or option status.","Original option annex; 2008 title; notices; Registry history; 2010 disposition records"
8503,7,CANDIDATE_11_LOCALES_OPTION_PERIMETER,PRIMARY_SCHEDULE_OPEN__JSP_DOWNSTREAM_TITLE_RELEVANT,"Later JSP title history is relevant downstream evidence but does not prove JSP was the 2008 option grantor or breached the option.","Original option annex; 2009 protocol 1594; seller identity; notices; Registry history"
8504,8,CANDIDATE_11_LOCALES_OPTION_PERIMETER,PRIMARY_SCHEDULE_OPEN__JSP_DOWNSTREAM_TITLE_RELEVANT,"Later JSP title history is relevant downstream evidence but does not prove JSP was the 2008 option grantor or breached the option.","Original option annex; 2009 protocol 1594; seller identity; notices; Registry history"
8505,9,CANDIDATE_11_LOCALES_OPTION_PERIMETER,PRIMARY_SCHEDULE_OPEN__JSP_DOWNSTREAM_TITLE_RELEVANT,"Later JSP title history is relevant downstream evidence but does not prove JSP was the 2008 option grantor or breached the option.","Original option annex; 2009 protocol 1594; seller identity; notices; Registry history"
8506,10,CANDIDATE_11_LOCALES_OPTION_PERIMETER,PRIMARY_SCHEDULE_OPEN__JSP_DOWNSTREAM_TITLE_RELEVANT,"Later JSP title history is relevant downstream evidence but does not prove JSP was the 2008 option grantor or breached the option.","Original option annex; 2009 protocol 1594; seller identity; notices; Registry history"
8507,11,CANDIDATE_11_LOCALES_OPTION_PERIMETER,PRIMARY_SCHEDULE_OPEN__JSP_DOWNSTREAM_TITLE_RELEVANT__TITLE_BRIDGE_OPEN,"Later JSP association is downstream evidence; equivalent historic Registry bridge remains incomplete.","Original option annex; full historic Registry certification; deed; notices; payment/consideration"
