order,destination,function,controlling_subject,sent_utc,gmail_message_id,attachments,video,status
1,"Fiscalía de Área de Arrecife-Lanzarote-Puerto del Rosario","Territorial preservation / Exp. Gub. 86/2026","Exp. Gub. 86/2026 — aportación sobrevenida, módulo aforado separado y preservación PwC/Grant Thornton/RSM","2026-08-20 21:44:59","1a021226e704a80c","pwc-five-actors-plus-ac-2016-knowledge-checkpoint-ES.png|san-telmo-ricpe-sun-park-stamp-v1-ES.png","https://www.youtube.com/watch?v=mHn9IJU0qI4&t=488s","SENT; receiving reference pending"
2,"Fiscalía Provincial de Las Palmas / fisgub.lpa","DI 22/2026 / DP 1901 corpus / coordination","DI 22/2026 / REGAGE26e00070237051 — módulo aforado separado, fuentes profesionales y coordinación con Arrecife","2026-08-20 21:48:10","1a0212557d961158","pwc-five-actors-plus-ac-2016-knowledge-checkpoint-ES.png|san-telmo-ricpe-sun-park-stamp-v1-ES.png","https://www.youtube.com/watch?v=mHn9IJU0qI4&t=488s","CONTROLLING VERSION SENT; correction ID 1a021286f6ecadab"
3,"Fiscalía Superior de Canarias","EG 112/2026 correction / aforamiento / referral","EG 112/2026 — precisión sobre aforamiento, objeto separado y fuentes sobrevenidas","2026-08-20 21:50:36","1a02127902fee3ed","pwc-five-actors-plus-ac-2016-knowledge-checkpoint-ES.png|san-telmo-ricpe-sun-park-stamp-v1-ES.png","https://www.youtube.com/watch?v=mHn9IJU0qI4&t=488s","CONTROLLING VERSION SENT; correction ID 1a0212827222f2c5; traceability ID 1a02128c550c7c6b"
4,"Inspección Fiscal via FGE central channels","Routing / custody / institutional coherence","A la atención de la Fiscal de Sala Jefa de la Inspección Fiscal — aforamiento, trazabilidad y fuentes profesionales Sun Park","2026-08-20 21:54:11","1a0212ad91efcb1b","pwc-five-actors-plus-ac-2016-knowledge-checkpoint-ES.png|san-telmo-ricpe-sun-park-stamp-v1-ES.png","https://www.youtube.com/watch?v=mHn9IJU0qI4&t=488s","SENT; registration/transfer pending"
5,"Fiscalía General del Estado","Central coordination / owner by module","A la Fiscal General del Estado — coordinación central, módulo aforado y expansión profesional/económica Sun Park","2026-08-20 21:56:16","1a0212cc23ebd938","pwc-five-actors-plus-ac-2016-knowledge-checkpoint-ES.png|san-telmo-ricpe-sun-park-stamp-v1-ES.png","https://www.youtube.com/watch?v=mHn9IJU0qI4&t=488s","SENT; association pending"
6,"Secretaría Técnica FGE","ST 553/2026 / ST 104/2025 technical association","ST 553/2026 / ST 104/2025 — módulo aforado, expansión profesional y solicitud de asociación técnica","2026-08-20 21:58:16","1a0212e97d54d59d","pwc-five-actors-plus-ac-2016-knowledge-checkpoint-ES.png|san-telmo-ricpe-sun-park-stamp-v1-ES.png","https://www.youtube.com/watch?v=mHn9IJU0qI4&t=488s","SENT; technical destination pending"
7,"Fiscal de Sala Coordinador de Delitos Económicos","Economic matrix / specialist coordination","A la atención del Fiscal de Sala Coordinador de Delitos Económicos — Sun Park: matriz económica, módulo aforado y fuentes profesionales","2026-08-20 22:00:21","1a021308172c6a7a","pwc-five-actors-plus-ac-2016-knowledge-checkpoint-ES.png|san-telmo-ricpe-sun-park-stamp-v1-ES.png","https://www.youtube.com/watch?v=mHn9IJU0qI4&t=488s","SENT through central channels; transfer/reference pending"
8,"Fiscalía Especial Anticorrupción","Specialist competence / public-finance perimeter","Exp. Gub. 352/2025 / REGAGE26e00070236245 — aportación sobrevenida, aforamiento separado y perímetro profesional/económico Sun Park","2026-08-20 22:02:22","1a02132589f45aae","pwc-five-actors-plus-ac-2016-knowledge-checkpoint-ES.png|san-telmo-ricpe-sun-park-stamp-v1-ES.png","https://www.youtube.com/watch?v=mHn9IJU0qI4&t=488s","RECEIPT ACKNOWLEDGED; electronic-signature cure required; reply ID 1a02132a13eda543"
9,"Fiscalía de la Audiencia Nacional","Referral traceability / Pink-AEAT provenance","Exp. Gub. 86/2026 — trazabilidad de la remisión a Arrecife; Pink/AEAT y fuentes profesionales sobrevenidas","2026-08-20 22:22:42","1a02144f5c6c1ffe","pwc-five-actors-plus-ac-2016-knowledge-checkpoint-ES.png|san-telmo-ricpe-sun-park-stamp-v1-ES.png","https://www.youtube.com/watch?v=mHn9IJU0qI4&t=488s","SENT; forwarding/association proof pending"
