Master_ID,Legacy_ID,Record_Type,Is_Proceeding,Proceeding_Class,Stream,Geography,Origin_Organ,Current_Custodian,Reference,Secondary_Reference,NIG,Date_or_Period,Connection,Object_or_Purpose,Status,Latest_Known_Event,Appeal_or_Review,Parent_Master_ID,Linked_Proceedings,Source_Status,Primary_Source_Anchor,Repo_Canonical_Source,Open_Reference_Gap,Public_Treatment,Last_Scan_Date,Notes
LZ-JUD-001,LZ-JUD-001,JUDICIAL_PROCEEDING,TRUE,DIRECT,Civil appellate,Lanzarote / AP Las Palmas,Audiencia Provincial de Las Palmas,Audiencia Provincial de Las Palmas,AP 89/2014,,,2014,Community/CEXP/unit possession-operation,Civil appellate treatment of claimant units and CEXP/Community issues,Historical; primary completion pending,,,,,CORPUS_REPORTED_PRIMARY_PENDING,,archive/SUN_PARK_COMUNIDAD_PROCEEDINGS_REGISTER_CANARY_ISLANDS_15AUG2026.md,"Exact roll, first-instance court, signed judgment, parties, fincas, finality",INTERNAL_KNOWLEDGE_REGISTER_NOT_AUTO_PUBLISHED,2026-08-16,
LZ-JUD-002,LZ-JUD-002,JUDICIAL_PROCEEDING,TRUE,DIRECT,Criminal,Lanzarote,Juzgado de Instrucción nº 3 de Arrecife,Juzgado de Instrucción nº 3 de Arrecife,DP 332/2014,,,2014-2021,2013 Fiscalía frame; Community/minority/AC issues,Criminal investigation,Archive in 2021 reported secondarily; exact date grounds and finality primary-pending,,,,,CORPUS_REPORTED_PRIMARY_PENDING,,archive/SUN_PARK_COMUNIDAD_PROCEEDINGS_REGISTER_CANARY_ISLANDS_15AUG2026.md,"Certified docket, signed final disposition, notice and finality",INTERNAL_KNOWLEDGE_REGISTER_NOT_AUTO_PUBLISHED,2026-08-26,
LZ-JUD-003,LZ-JUD-003,JUDICIAL_PROCEEDING,TRUE,DIRECT,Criminal,Lanzarote,Juzgado de Instrucción nº 2 de Arrecife (antiguo Juzgado Mixto nº 7),Juzgado de Instrucción nº 2 de Arrecife,DP 1132/2018,Diligencias Indeterminadas 1103/2018-00 (procedural origin),3500443220180003508,2018,7 Jun 2018 access/control; Community authority; AC testimony,"Access, possession and control allegations",Provisionally archived,20 Aug 2018 Auto ordered provisional dismissal,Rollo 1010/2018 / Auto 804/2018,,LZ-APP-004,VERIFIED_PRIMARY_COPY,,archive/ARRECIFE_1103_1132_1010_804_CARET_INTERLINK_CONTROL_30AUG2026.md,"Court-certified complete docket, service record, full annex set and audiovisual masters",INTERNAL_KNOWLEDGE_REGISTER_NOT_AUTO_PUBLISHED,2026-08-30,"1103 is the documented indeterminate-proceedings origin of DP 1132; it is an alias/precursor reference within this row, not a silently merged separate merits case."
LZ-JUD-042,,JUDICIAL_PROCEEDING,UNVERIFIED,DIRECT,Criminal,Lanzarote,Arrecife investigating court — exact organ pending,Arrecife investigating court — exact organ pending,DP 974/2023,,,2023-,User-identified Arrecife criminal proceeding requiring source-led relationship testing,"Exact subject, parties, acts and relationship to the Sun Park/Community/LPB perimeter remain unverified","Canonical reference registered; no primary docket, filing, decision or outcome located in the repository, Library or continuity search",,,,"LZ-JUD-002; LZ-JUD-003; LZ-APP-004; GC-FIS-013; GC-JUD-001",OPEN_REFERENCE,"Gil Marer direct identification in authenticated project thread, 30 Aug 2026",archive/SUN_PARK_COMUNIDAD_PROCEEDINGS_REGISTER_CANARY_ISLANDS_15AUG2026.md,"Signed or certified first page/docket establishing exact court, NIG, parties/capacities, object, filing and counsel/procurador lineage, procedural acts, status, appeal/finality and document-transmission bridges",INTERNAL_KNOWLEDGE_REGISTER_NOT_AUTO_PUBLISHED,2026-08-30,"Separate provisional identity; do not merge with DP 332/2014, DP 1132/2018, Auto 804/2018, DI 248/2018 or Concurso 36/2012. Interlinks are investigative/navigation links only, not joinder, same facts, knowledge, reliance, wrongdoing or merits treatment."
LZ-APP-004,LZ-APP-004,APPEAL_ROLL,TRUE,DIRECT,Criminal appellate,Lanzarote / AP Las Palmas,"Audiencia Provincial de Las Palmas, Sección Segunda","Audiencia Provincial de Las Palmas, Sección Segunda",Rollo 1010/2018,Auto 804/2018,3500443220180003508,2018,Appeal from DP 1132/2018,Appellate review of 20 Aug 2018 provisional dismissal,"Appeals dismissed; provisional dismissal confirmed; final/no further appeal",13 Nov 2018 Auto 804/2018 issued and notified as final,,LZ-JUD-003,LZ-JUD-003,VERIFIED_PRIMARY_COPY,,archive/ARRECIFE_1103_1132_1010_804_CARET_INTERLINK_CONTROL_30AUG2026.md,"Court-certified complete roll, appeal/opposition filings, Fiscalía position and service record",INTERNAL_KNOWLEDGE_REGISTER_NOT_AUTO_PUBLISHED,2026-08-30,"The appeal outcome is adverse and final as an appellate order; it is not a civil/tourism title judgment and does not create CAM title."
LZ-JUD-005,LZ-JUD-005,JUDICIAL_PROCEEDING,TRUE,DIRECT,Civil enforcement,Lanzarote,Arrecife court — exact organ pending,Arrecife court — exact organ pending,Mortgage enforcement / dación branch,Termination 18/08/2023,,through 2023,"Mortgage credit, dación, cancellation, title chain",Mortgage enforcement and satisfaction,Terminated 18 Aug 2023,,,,,CORPUS_REPORTED_PRIMARY_PENDING,,archive/SUN_PARK_COMUNIDAD_PROCEEDINGS_REGISTER_CANARY_ISLANDS_15AUG2026.md,"Exact court/reference, enforcement title, parties, dación deed, satisfaction account, signed termination resolution",INTERNAL_KNOWLEDGE_REGISTER_NOT_AUTO_PUBLISHED,2026-08-16,
LZ-JUD-FAM-006,LZ-JUD-FAM-006,JUDICIAL_PROCEEDING_FAMILY,UNVERIFIED,DIRECT,Civil,Lanzarote,Multiple courts — inventory incomplete,Multiple courts — inventory incomplete,Community/CEXP/unit civil proceeding family,,,historical,"Unit, possession, access, debt and Community disputes",Family placeholder pending case-by-case extraction,Individual map incomplete,,,,,OPEN_REFERENCE,,archive/SUN_PARK_COMUNIDAD_PROCEEDINGS_REGISTER_CANARY_ISLANDS_15AUG2026.md,"Extract every case number, court, party, finca, decision, appeal and finality",INTERNAL_KNOWLEDGE_REGISTER_NOT_AUTO_PUBLISHED,2026-08-16,
LZ-FIS-007,LZ-FIS-007,FISCALIA_FILE,TRUE,DIRECT,Fiscalía,Lanzarote / Madrid,Fiscalía de la Audiencia Nacional,Fiscalía de Área de Arrecife de Lanzarote–Puerto del Rosario,Expediente Gubernativo 86/2026,"EG 86/2026; legacy GUB 86/2026",,2026-08-10,Sun Park / Pink-AEAT source and territorial routing,Competence determination and territorial referral,Referred to the Arrecife-area Fiscalía; destination reference/outcome not located,Official inhibition/referral notified 10 Aug 2026,,,,VERIFIED_PRIMARY_COPY,"Official Fiscalía de la Audiencia Nacional referral notification dated 10 Aug 2026",archive/HANDOVER_MF_FISCALIA_FIRST_FRAME_JUSTICE_MAP_15AUG2026.md,"Destination reference, assigned fiscal, complete transmitted corpus, diligences and decision",PUBLIC_SUMMARY_WITH_PROCEDURAL_LIMITS,2026-08-31,"CAEPR PD-SP-R-0031 (^); EG/GUB/Exp. Gub. are reconciled aliases of one file; referral is not a merits decision."
LZ-TUR-008,LZ-TUR-008,INSPECTION_ACT,TRUE,ADMINISTRATIVE_PERIMETER,Tourism,Lanzarote,Tourism authority,Tourism authority,Inspection Act 027951/2012,,,2012,Sun Park / operator / title / works / transparency perimeter,Tourism/operator inspection,Located in operator-history work,,,,,CORPUS_REPORTED_PRIMARY_PENDING,,archive/SUN_PARK_COMUNIDAD_PROCEEDINGS_REGISTER_CANARY_ISLANDS_15AUG2026.md,"Certified act, annexes, inspected entity/capacity and follow-up",INTERNAL_KNOWLEDGE_REGISTER_NOT_AUTO_PUBLISHED,2026-08-16,
LZ-TUR-009,LZ-TUR-009,ADMINISTRATIVE_FILE,TRUE,ADMINISTRATIVE_PERIMETER,Tourism,Lanzarote,Cabildo de Lanzarote,Cabildo de Lanzarote,GE-014212/2014,,,2014,Sun Park / operator / title / works / transparency perimeter,Tourism filing concerning Owners' Community,Filing located; outcome not verified,,,,,CORPUS_REPORTED_PRIMARY_PENDING,,archive/SUN_PARK_COMUNIDAD_PROCEEDINGS_REGISTER_CANARY_ISLANDS_15AUG2026.md,Decision/entry caused by filing or negative certification,INTERNAL_KNOWLEDGE_REGISTER_NOT_AUTO_PUBLISHED,2026-08-16,
LZ-TUR-010,LZ-TUR-010,INSPECTION_ACT,TRUE,ADMINISTRATIVE_PERIMETER,Tourism,Lanzarote,Tourism authority,Tourism authority,Inspection Act 35328/2016,,,2016,Sun Park / operator / title / works / transparency perimeter,Tourism/operator inspection,Located in operator-history work,,,,,CORPUS_REPORTED_PRIMARY_PENDING,,archive/SUN_PARK_COMUNIDAD_PROCEEDINGS_REGISTER_CANARY_ISLANDS_15AUG2026.md,"Certified act, annexes, entity/capacity, units and follow-up",INTERNAL_KNOWLEDGE_REGISTER_NOT_AUTO_PUBLISHED,2026-08-16,
LZ-CAB-011,LZ-CAB-011,ADMINISTRATIVE_FILE,TRUE,ADMINISTRATIVE_PERIMETER,Administrative / professional,Lanzarote,Cabildo de Lanzarote,Cabildo de Lanzarote,498/2020,,,2020,Sun Park / operator / title / works / transparency perimeter,Tourism/operator history,File reference located,,,,,OPEN_REFERENCE,,archive/SUN_PARK_COMUNIDAD_PROCEEDINGS_REGISTER_CANARY_ISLANDS_15AUG2026.md,Complete index and authenticated file,INTERNAL_KNOWLEDGE_REGISTER_NOT_AUTO_PUBLISHED,2026-08-16,
LZ-CAB-012,LZ-CAB-012,ADMINISTRATIVE_FILE,TRUE,ADMINISTRATIVE_PERIMETER,Administrative / professional,Lanzarote,Cabildo de Lanzarote,Cabildo de Lanzarote,547/2020,,,2020,Sun Park / operator / title / works / transparency perimeter,Tourism/operator history,File reference located,,,,,OPEN_REFERENCE,,archive/SUN_PARK_COMUNIDAD_PROCEEDINGS_REGISTER_CANARY_ISLANDS_15AUG2026.md,Complete index and authenticated file,INTERNAL_KNOWLEDGE_REGISTER_NOT_AUTO_PUBLISHED,2026-08-16,
LZ-CAB-013,LZ-CAB-013,ADMINISTRATIVE_FILE,TRUE,ADMINISTRATIVE_PERIMETER,Administrative / professional,Lanzarote,Cabildo de Lanzarote,Cabildo de Lanzarote,21219/2021,,,2021,Sun Park / operator / title / works / transparency perimeter,Tourism/operator history,File reference located,,,,,OPEN_REFERENCE,,archive/SUN_PARK_COMUNIDAD_PROCEEDINGS_REGISTER_CANARY_ISLANDS_15AUG2026.md,Complete index and authenticated file,INTERNAL_KNOWLEDGE_REGISTER_NOT_AUTO_PUBLISHED,2026-08-16,
LZ-YAI-014,LZ-YAI-014,ADMINISTRATIVE_FILE,TRUE,ADMINISTRATIVE_PERIMETER,Administrative / professional,Lanzarote,Ayuntamiento de Yaiza,Ayuntamiento de Yaiza,1748/2022,,,2022,Sun Park / operator / title / works / transparency perimeter,Works / municipal documentation,Municipal material located,,,,,VERIFIED_PRIMARY,,archive/SUN_PARK_COMUNIDAD_PROCEEDINGS_REGISTER_CANARY_ISLANDS_15AUG2026.md,"Full index, applications, powers, title/consent, plans, reports and final acts",INTERNAL_KNOWLEDGE_REGISTER_NOT_AUTO_PUBLISHED,2026-08-16,
LZ-YAI-015,LZ-YAI-015,ADMINISTRATIVE_FILE,TRUE,ADMINISTRATIVE_PERIMETER,Administrative / professional,Lanzarote,Ayuntamiento de Yaiza,Ayuntamiento de Yaiza,7043/2022,,,2022,Sun Park / operator / title / works / transparency perimeter,Transparency/index production perimeter,Reference located,,,,,VERIFIED_PRIMARY,,archive/SUN_PARK_COMUNIDAD_PROCEEDINGS_REGISTER_CANARY_ISLANDS_15AUG2026.md,Complete index and authenticated source documents,INTERNAL_KNOWLEDGE_REGISTER_NOT_AUTO_PUBLISHED,2026-08-16,
LZ-YAI-016,LZ-YAI-016,ADMINISTRATIVE_FILE,TRUE,ADMINISTRATIVE_PERIMETER,Administrative / professional,Lanzarote,Ayuntamiento de Yaiza,Ayuntamiento de Yaiza,7059/2022,,,2022,Sun Park / operator / title / works / transparency perimeter,Transparency/index production perimeter,Reference located,,,,,VERIFIED_PRIMARY,,archive/SUN_PARK_COMUNIDAD_PROCEEDINGS_REGISTER_CANARY_ISLANDS_15AUG2026.md,Complete index and authenticated source documents,INTERNAL_KNOWLEDGE_REGISTER_NOT_AUTO_PUBLISHED,2026-08-16,
LZ-YAI-017,LZ-YAI-017,ADMINISTRATIVE_FILE,TRUE,ADMINISTRATIVE_PERIMETER,Administrative / professional,Lanzarote,Ayuntamiento de Yaiza,Ayuntamiento de Yaiza,10356/2022,,,2022,Sun Park / operator / title / works / transparency perimeter,Transparency/index production perimeter,Reference located,,,,,VERIFIED_PRIMARY,,archive/SUN_PARK_COMUNIDAD_PROCEEDINGS_REGISTER_CANARY_ISLANDS_15AUG2026.md,Complete index and authenticated source documents,INTERNAL_KNOWLEDGE_REGISTER_NOT_AUTO_PUBLISHED,2026-08-16,
LZ-YAI-018,LZ-YAI-018,ADMINISTRATIVE_FILE,TRUE,ADMINISTRATIVE_PERIMETER,Administrative / professional,Lanzarote,Ayuntamiento de Yaiza,Ayuntamiento de Yaiza,5854/2022,,,2022,Sun Park / operator / title / works / transparency perimeter,Municipal operator/title/unit retrieval,Reference located,,,,,OPEN_REFERENCE,,archive/SUN_PARK_COMUNIDAD_PROCEEDINGS_REGISTER_CANARY_ISLANDS_15AUG2026.md,Complete index and authenticated source documents,INTERNAL_KNOWLEDGE_REGISTER_NOT_AUTO_PUBLISHED,2026-08-16,
LZ-CAB-019,LZ-CAB-019,ADMINISTRATIVE_FILE,TRUE,ADMINISTRATIVE_PERIMETER,Administrative / professional,Lanzarote,Cabildo de Lanzarote,Cabildo de Lanzarote,3671/2022,,,2022,Sun Park / operator / title / works / transparency perimeter,Tourism/operator perimeter; totalidad de las unidades alojativas,Priority file,,,,,VERIFIED_PRIMARY,,archive/SUN_PARK_COMUNIDAD_PROCEEDINGS_REGISTER_CANARY_ISLANDS_15AUG2026.md,"Complete file, declarant, authority, unit list, title, checks and final act",INTERNAL_KNOWLEDGE_REGISTER_NOT_AUTO_PUBLISHED,2026-08-16,
LZ-CAB-020,LZ-CAB-020,ADMINISTRATIVE_FILE,TRUE,ADMINISTRATIVE_PERIMETER,Administrative / professional,Lanzarote,Cabildo de Lanzarote,Cabildo de Lanzarote,2984/2023,,,2023-2026,Sun Park / operator / title / works / transparency perimeter,Tourism file,Reported pending 13 Mar 2026,,,,,VERIFIED_PRIMARY,,archive/SUN_PARK_COMUNIDAD_PROCEEDINGS_REGISTER_CANARY_ISLANDS_15AUG2026.md,Current index/status and final act,INTERNAL_KNOWLEDGE_REGISTER_NOT_AUTO_PUBLISHED,2026-08-16,
LZ-CAB-021,LZ-CAB-021,ADMINISTRATIVE_FILE,TRUE,ADMINISTRATIVE_PERIMETER,Administrative / professional,Lanzarote,Cabildo de Lanzarote,Cabildo de Lanzarote,17070/2023,,,2023,Sun Park / operator / title / works / transparency perimeter,Tourism file,Identified in Resolution 2026-2735,,,,,VERIFIED_PRIMARY,,archive/SUN_PARK_COMUNIDAD_PROCEEDINGS_REGISTER_CANARY_ISLANDS_15AUG2026.md,"Complete index, object, parties and final act",INTERNAL_KNOWLEDGE_REGISTER_NOT_AUTO_PUBLISHED,2026-08-16,
LZ-CAB-022,LZ-CAB-022,ADMINISTRATIVE_FILE,TRUE,ADMINISTRATIVE_PERIMETER,Administrative / professional,Lanzarote,Cabildo de Lanzarote,Cabildo de Lanzarote,19995/2023,,,2023,Sun Park / operator / title / works / transparency perimeter,Tourism file,Identified in Resolution 2026-2735,,,,,VERIFIED_PRIMARY,,archive/SUN_PARK_COMUNIDAD_PROCEEDINGS_REGISTER_CANARY_ISLANDS_15AUG2026.md,"Complete index, object, parties and final act",INTERNAL_KNOWLEDGE_REGISTER_NOT_AUTO_PUBLISHED,2026-08-16,
LZ-CAB-023,LZ-CAB-023,ADMINISTRATIVE_FILE,TRUE,ADMINISTRATIVE_PERIMETER,Administrative / professional,Lanzarote,Cabildo de Lanzarote,Cabildo de Lanzarote,7206/2024,,,2024-2026,Sun Park / operator / title / works / transparency perimeter,Tourism file,Reported pending 13 Mar 2026,,,,,VERIFIED_PRIMARY,,archive/SUN_PARK_COMUNIDAD_PROCEEDINGS_REGISTER_CANARY_ISLANDS_15AUG2026.md,Current status and final act,INTERNAL_KNOWLEDGE_REGISTER_NOT_AUTO_PUBLISHED,2026-08-16,
LZ-CAB-024,LZ-CAB-024,ADMINISTRATIVE_FILE,TRUE,ADMINISTRATIVE_PERIMETER,Administrative / professional,Lanzarote,Cabildo de Lanzarote,Cabildo de Lanzarote,4887/2025,,,2025,Sun Park / operator / title / works / transparency perimeter,Tourism file,Reference identified,,,,,VERIFIED_PRIMARY,,archive/SUN_PARK_COMUNIDAD_PROCEEDINGS_REGISTER_CANARY_ISLANDS_15AUG2026.md,"Complete index, object, parties and final act",INTERNAL_KNOWLEDGE_REGISTER_NOT_AUTO_PUBLISHED,2026-08-16,
LZ-CAB-025,LZ-CAB-025,ADMINISTRATIVE_FILE,TRUE,ADMINISTRATIVE_PERIMETER,Administrative / professional,Lanzarote,Cabildo de Lanzarote,Cabildo de Lanzarote,614/2026,,,2026,Sun Park / operator / title / works / transparency perimeter,Access / production across tourism files,Resolution 2026-2735 identified,,,,,VERIFIED_PRIMARY,,archive/SUN_PARK_COMUNIDAD_PROCEEDINGS_REGISTER_CANARY_ISLANDS_15AUG2026.md,"Execution of access, authenticated production and later response",INTERNAL_KNOWLEDGE_REGISTER_NOT_AUTO_PUBLISHED,2026-08-16,
LZ-YAI-026,LZ-YAI-026,ADMINISTRATIVE_FILE,TRUE,ADMINISTRATIVE_PERIMETER,Administrative / professional,Lanzarote,Ayuntamiento de Yaiza,Ayuntamiento de Yaiza,5891/2026,,,2026,Sun Park / operator / title / works / transparency perimeter,Municipal traceability,Relevant file identified,,,,,VERIFIED_PRIMARY,,archive/SUN_PARK_COMUNIDAD_PROCEEDINGS_REGISTER_CANARY_ISLANDS_15AUG2026.md,"Index, object, filing chain, title/unit documents and current status",INTERNAL_KNOWLEDGE_REGISTER_NOT_AUTO_PUBLISHED,2026-08-16,
LZ-TRA-027,LZ-TRA-027,TRANSPARENCY_CLAIM,TRUE,ADMINISTRATIVE_PERIMETER,Administrative / professional,Lanzarote,Comisionado de Transparencia de Canarias,Comisionado de Transparencia de Canarias,R2026000054,,,2026,Sun Park / operator / title / works / transparency perimeter,Access against Yaiza,Partially upheld; indexes ordered,,,,,VERIFIED_PRIMARY,,archive/SUN_PARK_COMUNIDAD_PROCEEDINGS_REGISTER_CANARY_ISLANDS_15AUG2026.md,"Compliance record, documents produced and follow-up",INTERNAL_KNOWLEDGE_REGISTER_NOT_AUTO_PUBLISHED,2026-08-16,
LZ-TRA-028,LZ-TRA-028,TRANSPARENCY_CLAIM,TRUE,ADMINISTRATIVE_PERIMETER,Administrative / professional,Lanzarote,Comisionado de Transparencia de Canarias,Comisionado de Transparencia de Canarias,Challenge re Resolution 28/2026,,,2026,Sun Park / operator / title / works / transparency perimeter,Separate transparency challenge,Filed 11 Aug 2026; assigned ref pending,,,,,VERIFIED_PROCEDURAL,,archive/SUN_PARK_COMUNIDAD_PROCEEDINGS_REGISTER_CANARY_ISLANDS_15AUG2026.md,"Assigned reference, admission, record and final decision",INTERNAL_KNOWLEDGE_REGISTER_NOT_AUTO_PUBLISHED,2026-08-16,
LZ-PRO-029,LZ-PRO-029,PROFESSIONAL_DISCIPLINE,TRUE,SUPERVISION,Administrative / professional,Lanzarote,Colegio Oficial de Arquitectos de Lanzarote,Colegio Oficial de Arquitectos de Lanzarote,RE 26/008230,,,2026,Sun Park / operator / title / works / transparency perimeter,Professional preservation/deontological request,Registered 14 Jul 2026,,,,,VERIFIED_PROCEDURAL,,archive/SUN_PARK_COMUNIDAD_PROCEEDINGS_REGISTER_CANARY_ISLANDS_15AUG2026.md,"Official file number, custodian, preservation/transfer and final decision",INTERNAL_KNOWLEDGE_REGISTER_NOT_AUTO_PUBLISHED,2026-08-16,
LZ-TEC-030,LZ-TEC-030,TECHNICAL_REFERENCE,FALSE,TECHNICAL_REFERENCE_NOT_PROCEEDING,Administrative / professional,Lanzarote,Colegio/technical project source unresolved,Colegio/technical project source unresolved,22/000036/7800,,,2022,Sun Park / operator / title / works / transparency perimeter,Project/visado metadata,Technical identifier only,,,,,VERIFIED_PRIMARY,,archive/SUN_PARK_COMUNIDAD_PROCEEDINGS_REGISTER_CANARY_ISLANDS_15AUG2026.md,"Authenticate original visado, issuer/custodian and linked professional file",INTERNAL_KNOWLEDGE_REGISTER_NOT_AUTO_PUBLISHED,2026-08-16,
GC-JUD-001,GC-JUD-001,JUDICIAL_PROCEEDING,TRUE,DIRECT,Insolvency,Gran Canaria,Juzgado de lo Mercantil nº 1 / Sección Mercantil Plaza 1,Juzgado de lo Mercantil nº 1 / Sección Mercantil Plaza 1,Concurso ordinario 36/2012,,3501647120120000351,2012-present,LPB insolvency; credit; liquidation; title; AC; calificación,Core insolvency proceeding,Long-running; multiple sections/appeals,,,,,VERIFIED_PROCEDURAL,,archive/SUN_PARK_COMUNIDAD_PROCEEDINGS_REGISTER_CANARY_ISLANDS_15AUG2026.md,Complete certified electronic index and every material section/incident,INTERNAL_KNOWLEDGE_REGISTER_NOT_AUTO_PUBLISHED,2026-08-31,"CAEPR PD-SP-R-0001 (^). Core proceeding identity does not merge its sections incidents or appellate rolls."
GC-CAL-002,GC-CAL-002,JUDICIAL_INCIDENT,TRUE,DIRECT,Insolvency qualification,Gran Canaria,Juzgado de lo Mercantil nº 1,Audiencia Provincial de Las Palmas (appeal treatment),Sentencia 163/2023,28/09/2023; calificación of Concurso 36/2012,,2023-present,LPB calificación,Culpable classification judgment,Materially adverse first instance; appealed,,Appeal pending/under appellate treatment,GC-JUD-001,,VERIFIED_PRIMARY,,archive/SUN_PARK_COMUNIDAD_PROCEEDINGS_REGISTER_CANARY_ISLANDS_15AUG2026.md,Full appellate record and current result,INTERNAL_KNOWLEDGE_REGISTER_NOT_AUTO_PUBLISHED,2026-08-16,"Subject is LPB, not the whole mixed-ownership Sun Park complex; preserve CR-020."
GC-CIV-003,GC-CIV-003,JUDICIAL_PROCEEDING,TRUE,DIRECT,Civil preliminary disclosure,Gran Canaria,JPI nº 2 Las Palmas,JPI nº 2 Las Palmas,Diligencias Preliminares 1041/2017,,,2017-2018,LPB v CAM assignment disclosure route,Disclosure of assignment deed/economic terms,Admission/disclosure route; later archive/discontinuance identified,,,,,VERIFIED_PROCEDURAL,,archive/SUN_PARK_COMUNIDAD_PROCEEDINGS_REGISTER_CANARY_ISLANDS_15AUG2026.md,"Signed 19 Dec 2017 order, production, 5 Mar 2018 decree and annexes",INTERNAL_KNOWLEDGE_REGISTER_NOT_AUTO_PUBLISHED,2026-08-16,
GC-APP-004,GC-APP-004,APPEAL_ROLL,TRUE,DIRECT,Civil / insolvency appellate,Gran Canaria,Audiencia Provincial de Las Palmas,Audiencia Provincial de Las Palmas,RPL 2523/2025,,,2025-2026,Concurso 36/2012 / AC / calificación,Calificación record completeness / information certification,Proceeding identified; current status incomplete,,,GC-CAL-002,,VERIFIED_PROCEDURAL,,archive/SUN_PARK_COMUNIDAD_PROCEEDINGS_REGISTER_CANARY_ISLANDS_15AUG2026.md,"Complete roll, appealed act, parties, transmitted record and responses",INTERNAL_KNOWLEDGE_REGISTER_NOT_AUTO_PUBLISHED,2026-08-31,"CAEPR PD-SP-R-0002 (^). Parent corrected to the appealed Calificación object Sentencia 163/2023; RPL 2523/2025 remains a distinct appellate proceeding."
GC-APP-005,GC-APP-005,APPEAL_ROLL,TRUE,DIRECT,Civil / insolvency appellate,Gran Canaria,Audiencia Provincial de Las Palmas,Audiencia Provincial de Las Palmas,RPL 3304/2025,LPB removal appeal,,2025-2026,Concurso 36/2012 / AC removal,LPB appeal against refusal to remove the Insolvency Administrator,Accumulated merits appeal; later result not located,Auto 223/2026 of 15 Jul 2026 accumulated RPL 3319/2025 and ordered further procedural steps,,GC-JUD-001,GC-APP-006,VERIFIED_PROCEDURAL,Auto 223/2026 and controlled AP records,archive/AC_SEPARATION_FEES_AUTOS_DP1901_REFERENCE22_UNITARY_DIGEST_23AUG2026.md,"Complete certified roll, later-document decision, merits disposition and finality",PUBLIC_SUMMARY_WITH_PROCEDURAL_LIMITS,2026-08-26,CAEPR PD-SP-R-0011 (^); the earlier 9 Jul 2026 deliberation marker was scheduling only.
GC-APP-006,GC-APP-006,APPEAL_ROLL,TRUE,DIRECT,Civil / insolvency appellate,Gran Canaria,Audiencia Provincial de Las Palmas,Audiencia Provincial de Las Palmas,RPL 3319/2025,Aweswell removal appeal,,2025-2026,Concurso 36/2012 / AC removal,Aweswell appeal against refusal to remove the Insolvency Administrator,Accumulated into RPL 3304/2025; later result not located,Auto 223/2026 of 15 Jul 2026 accumulated into 3304/2025,,GC-JUD-001,GC-APP-005,VERIFIED_PROCEDURAL,Auto 223/2026 and controlled AP records,archive/AC_SEPARATION_FEES_AUTOS_DP1901_REFERENCE22_UNITARY_DIGEST_23AUG2026.md,"Complete certified roll, grounds, opposition, merits disposition and finality",PUBLIC_SUMMARY_WITH_PROCEDURAL_LIMITS,2026-08-26,CAEPR PD-SP-R-0012 (^).
GC-APP-007,GC-APP-007,APPEAL_FAMILY_REFERENCE,FALSE,AGGREGATE_REFERENCE_NOT_PROCEEDING,Civil / insolvency appellate,Gran Canaria,Audiencia Provincial de Las Palmas,Audiencia Provincial de Las Palmas,AC removal appeal family,RPL 3304/2025 + RPL 3319/2025,,2025-2026,Concurso 36/2012 / AC removal,Aggregate continuity reference for the LPB and Aweswell appeals following Auto 1377/2025 and the 11 Nov 2025 reconsideration order,Aggregate reference only; exact rolls separately mapped; final merits outcome open,Auto 223/2026 of 15 Jul 2026 accumulated the rolls,,GC-JUD-001,GC-APP-005; GC-APP-006,VERIFIED_PROCEDURAL,Full-text records R01-R32 and ten-key-decision public-PDF set,archive/CONCURSO36_AUTOS_FULLTEXT_UNITARY_RECORD_23AUG2026.md,"Current signed merits result and finality for each exact roll",PUBLIC_FULLTEXT_REDACTED_WITH_KEY_PDFS,2026-08-30,CAEPR PD-SP-R-0013 continuity reference only; not a third or exact proceeding and not caret-eligible. Exact proceedings remain GC-APP-005 and GC-APP-006. First-instance orders rejected standing and did not adjudicate the seven substantive removal blocks.
GC-CIV-027,,JUDICIAL_PROCEEDING,TRUE,DIRECT,Civil professional liability,Gran Canaria,Juzgado de lo Mercantil nº 2 de Las Palmas de Gran Canaria,Juzgado de lo Mercantil nº 1 de Las Palmas de Gran Canaria,P.O. 641/2024,"Pleading caption ORD 134/2024; originating/transfer reference 582/2024",,2024-2026,Concurso 36/2012 / AC remuneration,Collective estate-damage claim concerning remuneration and interest,Sentencia 4/2026 dismissed for lack of Aweswell standing without reaching remuneration merits,Sentencia 4/2026 dated 21 Jan 2026,RPL 421/2026,,GC-APP-028,VERIFIED_PRIMARY,Full-text records F01-F18 including claim defences judgment and appeal,archive/CONCURSO36_AUTOS_FULLTEXT_UNITARY_RECORD_23AUG2026.md,"Certified docket reconciling 134/2024 582/2024 and 641/2024; missing cited 1 Sep 2025 decree; finality",PUBLIC_FULLTEXT_REDACTED_WITH_KEY_PDFS,2026-08-26,CAEPR PD-SP-R-0014 (^); claimed EUR 110956.97 for return to the insolvency estate; legality and quantum not adjudicated.
GC-CIV-030,,JUDICIAL_PRELIMINARY_DISCLOSURE,UNVERIFIED,DIRECT,Civil preliminary disclosure,Gran Canaria,Exact court to verify,Exact court to verify,Diligencias Preliminares 459/2024,Insurance-policy exhibition,,2024,Concurso 36/2012 / AC remuneration,Pre-action exhibition of the professional-liability insurance policy,Existence and exhibition are recited in the located pleadings and judgment; autonomous certified docket not located,Referenced in F01 F06 and F13,,,GC-CIV-027,CORPUS_REPORTED_PRIMARY_PENDING,Full-text records F01 F06 and F13,archive/CONCURSO36_AUTOS_FULLTEXT_UNITARY_RECORD_23AUG2026.md,"Certified court identity, docket, opening/exhibition act, policy-exhibition record and closure",PUBLIC_SUMMARY_WITH_IDENTITY_GAP,2026-08-26,CAEPR PD-SP-R-0016 (no caret; exact organ and certified docket pending).
GC-APP-028,,APPEAL_ROLL,TRUE,DIRECT,Civil appellate,Gran Canaria,Audiencia Provincial de Las Palmas,Audiencia Provincial de Las Palmas,RPL 421/2026,Appeal from Sentencia 4/2026,,2026,Concurso 36/2012 / AC remuneration,Appeal concerning standing and the professional-liability/remuneration claim,Appeal filed; later merits result not located,LAJ transfer dated 7 Apr 2026; no later signed disposition located,,GC-CIV-027,,VERIFIED_PROCEDURAL,Full-text records F15 F17 and F18,archive/CONCURSO36_AUTOS_FULLTEXT_UNITARY_RECORD_23AUG2026.md,"Complete certified appellate roll, current disposition and finality",PUBLIC_FULLTEXT_REDACTED_WITH_PROCEDURAL_LIMITS,2026-08-26,CAEPR PD-SP-R-0015 (^).
GC-REF-029,,INTAKE_REFERENCE,FALSE,RECEPTION_LOCATOR_NOT_PROCEEDING,Criminal intake,Gran Canaria,Decanato / Registro y Reparto Las Palmas,Official destination not yet identified,Handwritten daily intake/reference 22,Physical presentation dated 18/06/2026,,2026,AC-focused complaint / Concurso 36/2012,Reception locator for criminal complaint concerning the Insolvency Administrator,Physical intake source located; official reparto NIG and current status not located,Complaint dated 18 Jun 2026 and controlled intake material,,,,VERIFIED_PRIMARY,Private mailbox locator withheld; 48-page complaint SHA-256 5f2925609563caec6c82f4e95fa16abb660f372a34051133fe0f01aa785483f7,archive/AC_SEPARATION_FEES_AUTOS_DP1901_REFERENCE22_UNITARY_DIGEST_23AUG2026.md,"Certified intake/reparto record, assigned organ, NIG, procedural number and current status",PUBLIC_SUMMARY_DO_NOT_PUBLISH_RAW_PERSONAL_DATA,2026-08-23,22 is not an official Control NIG or Diligencias Previas number; do not equate it to DP 1956/2026 without the reparto bridge.
GC-CRI-008,GC-CRI-008,JUDICIAL_PROCEEDING,TRUE,DIRECT,Criminal,Gran Canaria,Juzgado de Instrucción Plaza 6 Las Palmas,Juzgado de Instrucción Plaza 6 Las Palmas,DP 1901/2026,,3501643220260016977,2026,Private-actor/CAM documents; title/accounting; DIP 2 link; finite AC cross-evidence only,Separate criminal/documentary verification and admission-control route,Providencia 12 Jul 2026 gave Fiscalía five days on admission; later act not located,,,,,VERIFIED_PRIMARY,,archive/AC_SEPARATION_FEES_AUTOS_DP1901_REFERENCE22_UNITARY_DIGEST_23AUG2026.md,"Fiscal report, later order, docket and annex index",PUBLIC_SUMMARY_WITH_PROCEDURAL_LIMITS,2026-08-31,CAEPR PD-SP-R-0005 (^); not the AC removal or fee proceeding; do not merge with DP 1956/2026 or intake reference 22.
GC-CRI-009,GC-CRI-009,JUDICIAL_PROCEEDING,TRUE,DIRECT,Criminal,Gran Canaria,Juzgado de Instrucción Plaza 1 Las Palmas,Juzgado de Instrucción Plaza 1 Las Palmas,DP 1956/2026,,3501643220260016826,2026,AC/concurso documentary track,Separate criminal route,Provisional dismissal / sobreseimiento provisional recorded on 21 Jul 2026; no filed reform/subsidiary appeal currently established in the controlled corpus,Provisional dismissal recorded on 21 Jul 2026,No filed reform/subsidiary appeal currently established,,,VERIFIED_PROCEDURAL,,archive/knowledge-project/DP1956_STATUS_REOPENING_CORRECTION_18AUG2026.md,"Signed provisional-dismissal order, complaint/annexes and current status/finality certification",INTERNAL_KNOWLEDGE_REGISTER_NOT_AUTO_PUBLISHED,2026-08-30,"A draft challenge is not a filed act; do not describe this as final merits closure, acquittal, appeal pending or reopening pending."
GC-HC-010,GC-HC-010,JUDICIAL_PROCEEDING,UNVERIFIED,SUPERVISION,High-court criminal competence,Gran Canaria / TSJ Canarias,"TSJ Canarias, Sala Civil y Penal","TSJ Canarias, Sala Civil y Penal",2026 complaint/notitia concerning Concurso judge,,,2026,Conduct/documents concerning judicial acts in Concurso 36/2012,High-court competence route,Filing/procedural route identified; treatment pending,,,,,OPEN_REFERENCE,,archive/SUN_PARK_COMUNIDAD_PROCEEDINGS_REGISTER_CANARY_ISLANDS_15AUG2026.md,"Registration, competence decision, panel, Fiscalía treatment and result",INTERNAL_KNOWLEDGE_REGISTER_NOT_AUTO_PUBLISHED,2026-08-16,
GC-FIS-011,GC-FIS-011,FISCALIA_FILE,TRUE,DIRECT,Fiscalía,Gran Canaria / national,Fiscalía Provincial de Las Palmas,Fiscalía Provincial de Las Palmas,DI 273/2013,,,2013,Earliest located prosecution frame,Fiscalía file / referral / review,Historical file; later led to querella/DP 332/2014,,,,,VERIFIED_PROCEDURAL,,archive/SUN_PARK_COMUNIDAD_PROCEEDINGS_REGISTER_CANARY_ISLANDS_15AUG2026.md,"Complete file, originating communication, diligences and transmission",INTERNAL_KNOWLEDGE_REGISTER_NOT_AUTO_PUBLISHED,2026-08-16,
GC-FIS-012,GC-FIS-012,FISCALIA_FILE,TRUE,DIRECT,Fiscalía,Gran Canaria / national,Fiscalía — exact office pending,Fiscalía — exact office pending,Fiscalía 39/2014,,,2014,Separate Fiscalía gap,Fiscalía file / referral / review,Separate reference located,,,,,OPEN_REFERENCE,,archive/SUN_PARK_COMUNIDAD_PROCEEDINGS_REGISTER_CANARY_ISLANDS_15AUG2026.md,"Primary file, office, object, parties and decision",INTERNAL_KNOWLEDGE_REGISTER_NOT_AUTO_PUBLISHED,2026-08-16,
GC-FIS-013,GC-FIS-013,FISCALIA_FILE,TRUE,DIRECT,Fiscalía,Gran Canaria / national,Fiscalía Provincial de Las Palmas,Fiscalía Provincial de Las Palmas,DI 248/2018,,3501670220180002532,2018-2019,Complaint concerning the AC/CAM perimeter and requested diligences,Fiscalía investigation file,Archived by signed decree on 7 May 2019,Notification signed 16 May 2019,,,GC-CAL-002,VERIFIED_PRIMARY_COPY,"Signed archive decree 7 May 2019; signed notification 16 May 2019",archive/CALIFICACION_CANONICAL_AC_FISCAL_JUDGMENT_PERSON_MATRIX_17AUG2026.md,"Complete certified file, source inventory and requested-versus-performed diligence matrix",PUBLIC_SUMMARY_WITH_PROCEDURAL_LIMITS,2026-08-31,"CAEPR PD-SP-R-0024 (^). Elena Herrera Rodríguez signed the archive; Beatriz Sánchez Carreras signed the later notification. The archive's reliance on the adverse calificación position is a documented institutional cross-reference, not proof of personal coordination."
GC-FIS-014,GC-FIS-014,FISCALIA_FILE,TRUE,DIRECT,Fiscalía,Gran Canaria / national,Fiscalía Provincial de Las Palmas,Fiscalía Provincial de Las Palmas,DI 113/2022,,3501670220220003722,2022-2026,CAM/JDAM control works/demolition and public ownership-attribution allegations; DP 616/2021 to DP 668/2021 chain,Fiscalía investigation and later information/copy request,Archived by signed decree on 8 Feb 2023; later copy request decided 23 Feb 2026,Signed 23 Feb 2026 decision stated no other documents beyond those supplied because the facts were judicialised,,,LZ-JUD-046,VERIFIED_PRIMARY_COPY,"Official notification received 25 Feb 2026 enclosing signed 8-Feb-2023 archive decree and signed 23-Feb-2026 decision",evidence/fiscalia/2026/MINISTERIO_FISCAL_WIDER_MATTER_EG745_UNITARY_EVIDENCE_ACTION_DIGEST_31AUG2026.md,"Complete certified DI 113 file; performed-diligence/source inventory; native DP 616/2021 and DP 668/2021 orders and reparto bridge",PUBLIC_SUMMARY_WITH_PROCEDURAL_LIMITS,2026-08-31,"CAEPR PD-SP-R-0025 (^). Beatriz Sánchez Carreras signed both located decisions. The acts establish their reasoning and outcome, not favouritism, capture, coordination, intent, prevarication or criminality."
GC-FIS-015,GC-FIS-015,FISCALIA_FILE,TRUE,DIRECT,Fiscalía,Gran Canaria / national,Fiscalía Anticorrupción,Fiscalía Anticorrupción,EG 352/2025,,,2025,Anticorrupción route,Fiscalía file / referral / review,Reference / referral gap,,,,,OPEN_REFERENCE,,archive/SUN_PARK_COMUNIDAD_PROCEEDINGS_REGISTER_CANARY_ISLANDS_15AUG2026.md,"Native decision/referral, decision-maker, destination and outcome",INTERNAL_KNOWLEDGE_REGISTER_NOT_AUTO_PUBLISHED,2026-08-16,
GC-FIS-016,GC-FIS-016,FISCALIA_FILE,TRUE,DIRECT,Fiscalía,Gran Canaria / national,Fiscalía Provincial de Las Palmas,Fiscalía Provincial de Las Palmas,DI 22/2026,,,2026,Provincial multi-route intake involving alleged civil/concursal and extraconcursal modules,Fiscalía investigation file and later joinder/maintenance acts,Archived by signed decree on 11 Feb 2026; later material repeatedly joined while archive maintained,Located signed acts 13 16 and 19 Feb and 2 and 3 Mar; later joinder notices through 10 Jul 2026,,,"TF-FIS-007; GC-FIS-015",VERIFIED_PRIMARY_COPY,"Official fisgub.lpa notifications and signed decrees dated 11, 13, 16, 19 Feb and 2/3 Mar 2026",evidence/fiscalia/2026/MINISTERIO_FISCAL_WIDER_MATTER_EG745_UNITARY_EVIDENCE_ACTION_DIGEST_31AUG2026.md,"Complete certified file/index; exact source corpus; actor-asset-date comparison; reparto/access/visado; individual treatment of later and materially distinct modules",PUBLIC_SUMMARY_WITH_PROCEDURAL_LIMITS,2026-08-31,"CAEPR PD-SP-R-0026 (^). Beatriz Sánchez Carreras signed the located Feb/Mar acts. Joinder and continued archive do not by themselves prove substantive examination, improper motive, coordination, obstruction or criminality."
GC-FIS-017,GC-FIS-017,FISCALIA_FILE,TRUE,DIRECT,Fiscalía,Gran Canaria / national,Fiscalía de la Comunidad Autónoma de Canarias,Fiscalía de la Comunidad Autónoma de Canarias,DIP 2/2026,,3501670220260000245,2026,Superior-Fiscalía judge-related aforado module linked to DP 1901/2026,Fiscalía pre-procedural investigation,Opened 11 Feb 2026 as recorded in the 6 Mar decree; archived 6 Mar; notice 9 Mar; appeal-status premise corrected 11 Mar,Registered correction REGAGE26e00026303869 filed 11 Mar 2026,,,"GC-CRI-008; GC-FIS-033",VERIFIED_PRIMARY,"Signed 6-Mar-2026 archive decree; signed 9-Mar notice; REGAGE26e00026303869",archive/FISCALIA_DIP2_2026_OFFICIAL_RECORD_PUBLICATION_CONTROL_25AUG2026.md,"Complete certified file, separate 11-Feb opening decree, incorporation/reconsideration after correction and transmission record",PUBLIC_SUMMARY_WITH_PROCEDURAL_LIMITS,2026-08-31,"CAEPR PD-SP-R-0006 (^). The corrected appeal-status premise does not itself prove deliberate falsehood or require a different result."
GC-FIS-018,GC-FIS-018,FISCALIA_FILE,TRUE,DIRECT,Fiscalía,National / Madrid,Fiscalía General del Estado — Unidad de Delitos contra la Administración Pública,Fiscalía General del Estado — Unidad de Delitos contra la Administración Pública,EG 49/2026,,,2026,Central request concerning the 2019/2023 calificación position and wider Ministerio Fiscal record,Central governmental/prosecutorial review file,Archive/declination decisions signed 3 and 8 Jun 2026,Renewed 4-Jun request accumulated; second decision notified 8/9 Jun 2026,,,,VERIFIED_PRIMARY,"Signed decisions; outgoing 226 SHA-256 4e5d3486cc052ea699029a8744e21a2040918f4e03a085cc066a3b6ff8f12b88; outgoing 230 SHA-256 32a06dbf5745edc2e7ea6f9c88a22231d8238ce1e1a9faa5418db2eab253a383",archive/CALIFICACION_EG49_FISCAL_RESPONSE_DECREE_PUBLICATION_CONTROL_16AUG2026.md,"Complete file/index, exact material before decision-maker, referrals and treatment of the literal 2019 tension",PUBLIC_SUMMARY_WITH_PROCEDURAL_LIMITS,2026-08-31,"CAEPR PD-SP-R-0030 (^). Emilio Jesús Sánchez Ulled signed the located decisions; institutional possession does not prove personal review of every source."
GC-GOV-019,GC-GOV-019,GOVERNANCE_SUPERVISION,TRUE,SUPERVISION,Judicial governance,Gran Canaria / national,CGPJ,CGPJ,DI 169/2026,,,2026,Complaint concerning Sección Mercantil Plaza 1,Judicial-governance complaint,Archived; 10 Jul 2026 decision maintained archive,,,,,VERIFIED_PRIMARY,,archive/SUN_PARK_COMUNIDAD_PROCEEDINGS_REGISTER_CANARY_ISLANDS_15AUG2026.md,Complete administrative record and material examined,INTERNAL_KNOWLEDGE_REGISTER_NOT_AUTO_PUBLISHED,2026-08-16,
GC-GOV-020,GC-GOV-020,GOVERNANCE_SUPERVISION,TRUE,SUPERVISION,Judicial governance appeal,Gran Canaria / national,CGPJ,CGPJ,Recurso de alzada 286/2026,,,2026,Review of CGPJ treatment,Administrative appeal,Processing recorded; final/current decision missing,,,GC-GOV-019,,VERIFIED_PROCEDURAL,,archive/SUN_PARK_COMUNIDAD_PROCEEDINGS_REGISTER_CANARY_ISLANDS_15AUG2026.md,"Complete appeal record, reports and final decision",INTERNAL_KNOWLEDGE_REGISTER_NOT_AUTO_PUBLISHED,2026-08-16,
GC-LAJ-021,GC-LAJ-021,REGISTRATION_ONLY,FALSE,SUPERVISION,LAJ / court-office supervision,Gran Canaria / national,TSJ Secretaría de Gobierno / Coordinación Provincial / national justice-service office,Same offices,REGAGE26e00073341191; REGAGE26e00073341382; REGAGE26e00073341477,,,15/08/2026,LAJ supervisory corpus,Three registrations of same corpus,Registered; no three separate investigations established,,,,,VERIFIED_PROCEDURAL,,archive/SUN_PARK_COMUNIDAD_PROCEEDINGS_REGISTER_CANARY_ISLANDS_15AUG2026.md,"Acknowledgements, referrals, preservation/report requests and any assigned file",INTERNAL_KNOWLEDGE_REGISTER_NOT_AUTO_PUBLISHED,2026-08-16,
GC-PRO-022,GC-PRO-022,PROFESSIONAL_DISCIPLINE,TRUE,SUPERVISION,Professional discipline,Gran Canaria,ICALPA,ICALPA,DIP 79/2026,,,2026,CAM-side professional presentation,Preliminary deontological file,Preliminary file; expansion filed 10 Jun 2026,,,,,VERIFIED_PRIMARY,,archive/SUN_PARK_COMUNIDAD_PROCEEDINGS_REGISTER_CANARY_ISLANDS_15AUG2026.md,"Complete official file, response, evidence and final decision",INTERNAL_KNOWLEDGE_REGISTER_NOT_AUTO_PUBLISHED,2026-08-16,
GC-PRO-023,GC-PRO-023,PROFESSIONAL_DISCIPLINE,TRUE,SUPERVISION,Professional discipline,Gran Canaria,ICALPA,ICALPA,DIP 80/2026,,,2026,AC-side professional treatment,Separate preliminary deontological file,Preliminary file; expansion filed 10 Jun 2026,,,,,VERIFIED_PRIMARY,,archive/AC_SEPARATION_FEES_AUTOS_DP1901_REFERENCE22_UNITARY_DIGEST_23AUG2026.md,"Complete official file, response, evidence and final decision",PUBLIC_SUMMARY_WITH_PROCEDURAL_LIMITS,2026-08-26,CAEPR PD-SP-R-0017 (^); professional discipline does not establish criminal intent or judicial merits.
GC-POL-024,GC-POL-024,REGISTRATION_ONLY,FALSE,REGISTERED_ONLY,Police / Guardia Civil,Gran Canaria,Policía Nacional / Guardia Civil,Allocation unknown,Jan 2026 registrations,10 Guardia Civil + 8 Policía Nacional submissions,,2026,Sun Park reports,Registered submissions pending assigned case,No assigned diligencias/atestado located,,,,,VERIFIED_PROCEDURAL,,archive/SUN_PARK_COMUNIDAD_PROCEEDINGS_REGISTER_CANARY_ISLANDS_15AUG2026.md,"Internal allocation/reference, unit, atestado/report, referral or closure",INTERNAL_KNOWLEDGE_REGISTER_NOT_AUTO_PUBLISHED,2026-08-16,
GC-CONT-025,GC-CONT-025,CONTEXTUAL_PROCEEDING,TRUE,CONTEXTUAL,Insolvency / restructuring,Gran Canaria,Juzgado de lo Mercantil nº 3 Las Palmas,Juzgado de lo Mercantil nº 3 Las Palmas,Three-debtor Meeting Point 357/2024,,,2024-2025,Downstream operator/restructuring context,Joint three-debtor pre-insolvency/restructuring context; signed Auto 97/2025 fixes 23/31-Jul start and 18-Feb Auren appointment,Contextual only,,,,,VERIFIED_PROCEDURAL,,archive/SUN_PARK_COMUNIDAD_PROCEEDINGS_REGISTER_CANARY_ISLANDS_15AUG2026.md,"Signed 18-Sep/24-Oct originals, allocation trail, complete three-debtor file and any actual Sun Park transaction bridge",INTERNAL_KNOWLEDGE_REGISTER_NOT_AUTO_PUBLISHED,2026-08-26,Do not infer impropriety from the earlier register attribution; preserve CR-022/CR-100.
GC-TEC-026,GC-TEC-026,TECHNICAL_REFERENCE,FALSE,TECHNICAL_REFERENCE_NOT_PROCEEDING,Technical / professional,Gran Canaria,Issuer/custodian unresolved,Issuer/custodian unresolved,22/000036/7800,COAGC 2315,,2022,Project/visado material,Technical identifier,Not established as separate professional proceeding,,,,,VERIFIED_PRIMARY,,archive/SUN_PARK_COMUNIDAD_PROCEEDINGS_REGISTER_CANARY_ISLANDS_15AUG2026.md,Authenticate issuer/custodian and any actual professional file,INTERNAL_KNOWLEDGE_REGISTER_NOT_AUTO_PUBLISHED,2026-08-16,
TF-CIV-001,TF-CIV-001,JUDICIAL_PROCEEDING,TRUE,DIRECT,Civil cambiario,Tenerife,La Laguna court — exact organ in judicial archive,La Laguna court,Juicio Cambiario 1048/2019,,,2019,Matkator/pagaré/remate issues,Underlying cambiario proceeding,Identified,,,,,VERIFIED_PROCEDURAL,,archive/SUN_PARK_COMUNIDAD_PROCEEDINGS_REGISTER_CANARY_ISLANDS_15AUG2026.md,"Complete claim, title, opposition, decisions, finality and enforcement bridge",INTERNAL_KNOWLEDGE_REGISTER_NOT_AUTO_PUBLISHED,2026-08-16,
TF-CIV-002,TF-CIV-002,JUDICIAL_PROCEEDING,TRUE,DIRECT,Civil enforcement,Tenerife,La Laguna court,La Laguna court,ETJ 163/2020,,,2020-present,"Matkator/Cuatrecasas execution, remate/adjudication/title",Civil enforcement,Live; 19 and 22 Jun 2026 acts identified,,,,,VERIFIED_PROCEDURAL,,archive/SUN_PARK_COMUNIDAD_PROCEEDINGS_REGISTER_CANARY_ISLANDS_15AUG2026.md,"Full docket, remate/assignment documents and present enforcement/title status",INTERNAL_KNOWLEDGE_REGISTER_NOT_AUTO_PUBLISHED,2026-08-16,
TF-CRI-003,TF-CRI-003,JUDICIAL_PROCEEDING,TRUE,DIRECT,Criminal,Tenerife,Juzgado de Instrucción nº 4 La Laguna,Juzgado de Instrucción nº 4 La Laguna,DP 748/2026,,,2026,Matkator/ETJ alleged procedural-fraud issues,Criminal complaint/investigation route,Archive/reform/appeal track identified,,,,,VERIFIED_PROCEDURAL,,archive/SUN_PARK_COMUNIDAD_PROCEEDINGS_REGISTER_CANARY_ISLANDS_15AUG2026.md,"Complete complaint, archive order, reform, Fiscalía report, appeal and current status",INTERNAL_KNOWLEDGE_REGISTER_NOT_AUTO_PUBLISHED,2026-08-16,
TF-APP-004,TF-APP-004,APPEAL_ROLL,UNVERIFIED,DIRECT,Appellate / review,Tenerife,Exact organ pending,Exact organ pending,Appeal/review generated by DP 748/2026 or ETJ 163/2020,,,2026,Tenerife judicial track,Placeholder for live reform/appeal route,Separate appellate roll not yet verified,,,,,OPEN_REFERENCE,,archive/SUN_PARK_COMUNIDAD_PROCEEDINGS_REGISTER_CANARY_ISLANDS_15AUG2026.md,"Certified index, remisión, assigned roll, organ, parties and outcome",INTERNAL_KNOWLEDGE_REGISTER_NOT_AUTO_PUBLISHED,2026-08-16,
TF-XFR-005,TF-XFR-005,TRANSMISSION_FAMILY,FALSE,CONCURSO_BRIDGE,Cross-proceeding evidence transmission,Tenerife ↔ Gran Canaria/Lanzarote,Multiple organs,Multiple organs,Tenerife ↔ Gran Canaria/Lanzarote transmission family,,,historical-present,"Pagarés, Matkator title, remate, documentary allegations","Evidence-transmission map, not one proceeding",Issue-level relevance established; document-level transmission incomplete,,,,,OPEN_REFERENCE,,archive/SUN_PARK_COMUNIDAD_PROCEEDINGS_REGISTER_CANARY_ISLANDS_15AUG2026.md,Origin/filing/remisión/recipient/treatment/effect matrix for each document,INTERNAL_KNOWLEDGE_REGISTER_NOT_AUTO_PUBLISHED,2026-08-16,
X-REG-001,X-REG-001,REGULATORY_FILE,TRUE,SUPERVISION,CNMV,National,CNMV,CNMV,ED/36/2021,Later supervisory responses,,2021-2026,RICPE / supervisory notice and activity,CNMV supervisory/consultation history,Supervisory activity documented; no public merits result/project approval established,,,,,VERIFIED_PRIMARY,,archive/SUN_PARK_COMUNIDAD_PROCEEDINGS_REGISTER_CANARY_ISLANDS_15AUG2026.md,Complete native supervisory corpus where legally obtainable,INTERNAL_KNOWLEDGE_REGISTER_NOT_AUTO_PUBLISHED,2026-08-16,
X-TAX-002,X-TAX-002,TAX_FILE,UNVERIFIED,SUPERVISION,AEAT,National,AEAT,AEAT,AEAT complaint 13/01/2021 and later registrations,,,2021-,Sun Park / tax perimeter,Tax complaint/traceability,Receipt/traceability documented; merits protected by tax secrecy,,,,,VERIFIED_PROCEDURAL,,archive/SUN_PARK_COMUNIDAD_PROCEEDINGS_REGISTER_CANARY_ISLANDS_15AUG2026.md,Assigned tax file/result if lawfully disclosable,INTERNAL_KNOWLEDGE_REGISTER_NOT_AUTO_PUBLISHED,2026-08-16,
X-EU-003,X-EU-003,PUBLIC_AID_FILE,TRUE,SUPERVISION,SNCA / antifraud,National / EU coordination,SNCA,SNCA,141-2026-IRR02,,,2026,Public-funds / EU coordination perimeter,Antifraud/public-funds coordination file,File/reference and general channel response identified,,,,,VERIFIED_PRIMARY,,archive/SUN_PARK_COMUNIDAD_PROCEEDINGS_REGISTER_CANARY_ISLANDS_15AUG2026.md,"Concrete EU nexus/action, transfers and final treatment",INTERNAL_KNOWLEDGE_REGISTER_NOT_AUTO_PUBLISHED,2026-08-16,
X-INT-004,X-INT-004,SUPPORTING_ACT,FALSE,SUPERVISION,Intervención General,Canary Islands,Intervención General de Canarias,Intervención General de Canarias,184368/2026; 497011/2026; 699645/2026,,,2026,Regional internal control/routing,Three output/routing references; not established as separate merits proceedings,Examination/routing within stated competence documented; 699645/2026 narrows the earlier no-funds/no-files reading,,,,,VERIFIED_PRIMARY,,archive/SUN_PARK_COMUNIDAD_PROCEEDINGS_REGISTER_CANARY_ISLANDS_15AUG2026.md,Underlying file/custody if distinct from output references and native signed 699645/2026 source,INTERNAL_KNOWLEDGE_REGISTER_NOT_AUTO_PUBLISHED,2026-09-01,
X-WB-005,X-WB-005,ADMINISTRATIVE_FILE,TRUE,SUPERVISION,Law 2/2023 routing,Canary Islands / national,Government routing chain,Modernización y Calidad / current handler to verify,REGAGE26e00065752755,internal 278202/2026; output 681432/2026,,2026,Whistleblower/Law 2/2023 institutional routing,Formal transfer and handling,Transfer documented; handler/preservation/merits treatment pending,,,,,VERIFIED_PRIMARY,,archive/SUN_PARK_COMUNIDAD_PROCEEDINGS_REGISTER_CANARY_ISLANDS_15AUG2026.md,"Assigned handler/file, preservation and substantive treatment",INTERNAL_KNOWLEDGE_REGISTER_NOT_AUTO_PUBLISHED,2026-08-16,
LZ-YAI-031,,ADMINISTRATIVE_FILE,TRUE,ADMINISTRATIVE_PERIMETER,Municipal archive access,Lanzarote,Ayuntamiento de Yaiza,Ayuntamiento de Yaiza,7066/2026,Consulta de Fondos del Archivo,,2026,Municipal archive/source access,Consulta de Fondos del Archivo,Official notification 5 Aug 2026,,,,,VERIFIED_PRIMARY,Official Yaiza notification and attachment; exact private filename and mailbox locators withheld,archive/PROCEEDINGS_MASTER_REGISTER_PROTOCOL.md,Complete expediente/index and any production/final act,INTERNAL_KNOWLEDGE_REGISTER_NOT_AUTO_PUBLISHED,2026-08-16,
LZ-TRA-032,,TRANSPARENCY_CLAIM,TRUE,ADMINISTRATIVE_PERIMETER,Transparency,Lanzarote / Canary Islands,Comisionado de Transparencia de Canarias,Comisionado de Transparencia de Canarias,Claim filed 06/08/2026 re Yaiza Resolución 2026-2,REGAGE26e00071279892,,2026,Follow-up to frustration/compliance of transparency access,Transparency complaint concerning Yaiza Resolution 2026-2,Filed 6 Aug 2026; assigned Comisionado ref not located,,,LZ-TRA-027,,VERIFIED_PROCEDURAL,Reclamacion_Comisionado_Yaiza_Resolucion_2026-2_06AGO2026_FIRMADO.pdf; REGAGE26e00071279892.pdf,archive/PROCEEDINGS_MASTER_REGISTER_PROTOCOL.md,"Assigned Comisionado reference, admission, response and final decision",INTERNAL_KNOWLEDGE_REGISTER_NOT_AUTO_PUBLISHED,2026-08-16,
LZ-CIV-033,,JUDICIAL_PROCEEDING,TRUE,DIRECT,Civil,Lanzarote,Arrecife civil court — exact organ to verify,Arrecife civil court — exact organ to verify,P.O. 562/2014,,,2014-,Community/LPB historical civil track,Historical ordinary civil proceeding,Proceeding and later accumulation source located,,,,,VERIFIED_PROCEDURAL,Gmail/Cuatrecasas corpus; Resolución acumulación procesos 562-2014 y 213-2015.pdf,archive/PROCEEDINGS_MASTER_REGISTER_PROTOCOL.md,"Exact court, parties, object, full judgment/appeal/finality",INTERNAL_KNOWLEDGE_REGISTER_NOT_AUTO_PUBLISHED,2026-08-16,
LZ-CIV-034,,JUDICIAL_PROCEEDING,TRUE,DIRECT,Civil,Lanzarote,Arrecife civil court — exact organ to verify,Arrecife civil court — exact organ to verify,P.O. 213/2015,Accumulated with P.O. 562/2014,,2015-,Community/LPB historical civil track,Historical ordinary civil proceeding,Accumulation source located,,,LZ-CIV-033,,VERIFIED_PROCEDURAL,Resolución acumulación procesos 562-2014 y 213-2015.pdf; recursoapelacionarrecife 213-2015.pdf,archive/PROCEEDINGS_MASTER_REGISTER_PROTOCOL.md,"Exact court, parties, object, appellate roll and finality",INTERNAL_KNOWLEDGE_REGISTER_NOT_AUTO_PUBLISHED,2026-08-16,One old subject line says 213/2014; native attachment naming repeatedly indicates 213/2015. Reconcile against signed original.
LZ-CIV-035,,JUDICIAL_PROCEEDING,UNVERIFIED,DIRECT,Civil / desahucio,Lanzarote,Arrecife civil court — exact organ to verify,Arrecife civil court — exact organ to verify,Desahucio 1260/2011,One secondary filename says 1240/2011,,2011-2014,Minority-owner / Community historical civil perimeter,Desahucio/precario proceeding,Demand and 13 Jan 2014 judgment filenames located; exact reference conflict remains,,,,,CORPUS_REPORTED_PRIMARY_PENDING,Demanda Desahucio Minorias 1260-2011.pdf; Sentencia Proc1260-2011 13ENE2014.pdf,archive/PROCEEDINGS_MASTER_REGISTER_PROTOCOL.md,"Signed original confirming 1260/2011 versus 1240/2011, court, parties, operative part and finality",INTERNAL_KNOWLEDGE_REGISTER_NOT_AUTO_PUBLISHED,2026-08-16,
LZ-CIV-040,,JUDICIAL_PROCEEDING,TRUE,DIRECT,Civil,Lanzarote,Juzgado de Primera Instancia nº 5 de Arrecife,Juzgado de Primera Instancia nº 5 de Arrecife,P.O. 1241/2011,,,2011-2012,LPB v Community / separate Garrigues litigation engagement,Challenge to Community resolutions,Proceeding identity and separate engagement verified; complete signed court file not controlled,Referenced judgment dated 26 Apr 2012; signed copy pending,,,,VERIFIED_PROCEDURAL,Garrigues engagement and invoice 10015483; contemporaneous communications; later Community transcripts,archive/GARRIGUES_LA_LAGUNA_344_2013_EVIDENCE_AND_COMMUNICATIONS_REGISTER_24AUG2026.md,Certified index; claim/defence; annexes; signed judgment; appeal and finality,PUBLIC_SUMMARY_COMPLETE_REDACTED_FILE_OPEN,2026-08-24,Judgment 41/2014 contains internal 1241/2011 1241/2009 and 1271/2011 variants; reconcile against the signed source.
LZ-CIV-041,,JUDICIAL_INCIDENT,TRUE,DIRECT,Civil interim measures,Lanzarote,Juzgado de Primera Instancia nº 5 de Arrecife,Juzgado de Primera Instancia nº 5 de Arrecife,Medidas cautelares 1355/2011,Linked to P.O. 1241/2011,,2011-2012,LPB v Community / separate Garrigues litigation engagement,Interim-measures piece linked to challenge of Community resolutions,Proceeding identity verified; complete signed court file not controlled,Referenced Auto dated 25 Apr 2012; signed copy pending,,LZ-CIV-040,,VERIFIED_PROCEDURAL,Contemporaneous Garrigues communications; later Community transcripts,archive/GARRIGUES_LA_LAGUNA_344_2013_EVIDENCE_AND_COMMUNICATIONS_REGISTER_24AUG2026.md,Certified index; application/opposition; security; signed Auto; enforcement appeal and finality,PUBLIC_SUMMARY_COMPLETE_REDACTED_FILE_OPEN,2026-08-24,
LZ-FIS-036,,FISCALIA_FILE,TRUE,DIRECT,Fiscalía,Valencia → Lanzarote,Fiscalía Provincial de Valencia,Fiscalía de Área de Arrecife de Lanzarote,EG 19/26,,,2026,Complaint transferred to territorial Fiscalía,Expediente gubernativo; territorial inhibition/referral,Decreto de inhibición to Fiscalía Área Arrecife dated/emailed 2 Feb 2026,,,,,VERIFIED_PRIMARY,MF-EG19-SRC-DEC-01; official inhibition decree and remittance communication; exact private filename and mailbox locator withheld,archive/PROCEEDINGS_MASTER_REGISTER_PROTOCOL.md,"Destination-assigned reference, fiscal, diligences and outcome",INTERNAL_KNOWLEDGE_REGISTER_NOT_AUTO_PUBLISHED,2026-08-16,
LZ-YAI-037,,ADMINISTRATIVE_FILE,TRUE,ADMINISTRATIVE_PERIMETER,Municipal / transparency,Lanzarote,Ayuntamiento de Yaiza,Ayuntamiento de Yaiza,3224/2026,Resolución 2026-1455 referenced in controlled attachment,,2026,Municipal certification / SAIP chain,Municipal file referenced in later transparency complaint,Reference established through controlled filing/attachment; official Yaiza original to reopen,,,,,CORPUS_REPORTED_PRIMARY_PENDING,Official Yaiza source; exact private filename and mailbox locator withheld,archive/PROCEEDINGS_MASTER_REGISTER_PROTOCOL.md,"Official Yaiza expediente original, index, object and final/current status",INTERNAL_KNOWLEDGE_REGISTER_NOT_AUTO_PUBLISHED,2026-08-16,
LZ-REF-038,,UNRESOLVED_REFERENCE,UNVERIFIED,REGISTERED_ONLY,Civil,Lanzarote,Exact court pending,Exact court pending,168/2015,Private acquisition label indicates accumulation with 3017/2014,,2014-2015,Historical Community/civil corpus,Candidate proceeding references awaiting primary verification,Do not treat as verified separate proceeding yet,,,,,OPEN_REFERENCE,Private source label and mailbox locator withheld,archive/PROCEEDINGS_MASTER_REGISTER_PROTOCOL.md,"Signed source confirming court, nature, parties and whether 168/2015 and 3017/2014 are separate/accumulated proceedings",INTERNAL_KNOWLEDGE_REGISTER_NOT_AUTO_PUBLISHED,2026-08-16,
LZ-REF-039,,UNRESOLVED_REFERENCE,UNVERIFIED,REGISTERED_ONLY,Civil,Lanzarote,Exact court pending,Exact court pending,268/2016,,,2016,Historical Community debt/civil corpus,Candidate proceeding reference awaiting primary verification,Filename-level reference only in current scan,,,,,OPEN_REFERENCE,Documento_1007821 - Proc268-2016 retroactivo deuda cP.pdf,archive/PROCEEDINGS_MASTER_REGISTER_PROTOCOL.md,"Signed source confirming court, parties, object and outcome",INTERNAL_KNOWLEDGE_REGISTER_NOT_AUTO_PUBLISHED,2026-08-16,
LZ-REF-044,,UNRESOLVED_REFERENCE,UNVERIFIED,REGISTERED_ONLY,Unresolved Arrecife reference,Lanzarote,Arrecife — exact court/organ pending,Arrecife — exact court/organ pending,1304/2014,"User-supplied Arrecife reference; not reconciled to DP 3017/2014, DP 332/2014, Juicio de faltas 3205/2014, P.O. 562/2014 or any other located 2014 file",,2014,Arrecife 2014 identity-resolution context only — no procedural relationship established,"Identity-resolution candidate; class, parties, object and material relevance unverified","Exact proceeding identity not located in the finite repository and connected-source scan; do not render ^",,,,,USER_SUPPLIED_REFERENCE_PRIMARY_NOT_LOCATED,,archive/ARRECIFE_1304_2014_IDENTITY_AND_INTERLINK_GAP_30AUG2026.md,"Signed/certified court source establishing exact organ, procedural class, NIG, parties, object, status and finality; confirm whether 1304/2014 is exact or a typo/OCR variant and prove any relationship to nearby Arrecife matters",PUBLIC_SUMMARY_WITH_IDENTITY_GAP,2026-08-30,"No CAEPR proceeding admission or caret until the proceeding-identity threshold is met; this Master ID is the durable unresolved-reference key. No direct procedural edge is asserted."
MAD-AN-CONT-001,,JUDICIAL_PROCEEDING,TRUE,DIRECT,Contentious-administrative,Madrid / Audiencia Nacional,"Audiencia Nacional, Sala de lo Contencioso-Administrativo, Sección 7ª","Audiencia Nacional, Sala de lo Contencioso-Administrativo, Sección 7ª",PO 496/2026,,28079 23 3 2026 0002648,2026,Pink Canary Services / AEAT collection track,"Recaudación; recurrente Pink Canary Services, S.L.; demandado Ministerio de Hacienda / Administración del Estado",Proceeding admitted/active; as of 11 Aug 2026 demand filing period reportedly had not begun,,,,,VERIFIED_PRIMARY,Gmail 7 May 2026; 2026_0000496_PO_*.pdf; Gmail 11 Aug 2026 Patricia update,archive/PROCEEDINGS_MASTER_REGISTER_PROTOCOL.md,"Current court docket, demand deadline/order and merits progression",INTERNAL_KNOWLEDGE_REGISTER_NOT_AUTO_PUBLISHED,2026-08-16,
MAD-AN-CONT-002,,JUDICIAL_INCIDENT,TRUE,DIRECT,Contentious-administrative interim measures,Madrid / Audiencia Nacional,"Audiencia Nacional, Sala Contencioso-Administrativo","Audiencia Nacional, Sala Contencioso-Administrativo",PSS / pieza separada linked to PO 496/2026,2026_0000496_PSS_*.pdf,,2026,Pink Canary/AEAT interim-measures dispute,Pieza separada de medidas cautelares,Correspondence reports interim relief denied; native order should be read before stronger characterization,,,MAD-AN-CONT-001,,CORPUS_REPORTED_PRIMARY_PENDING,Gmail 7 May 2026; 2026_0000496_PSS_*.pdf,archive/PROCEEDINGS_MASTER_REGISTER_PROTOCOL.md,Exact PSS reference and signed court order,INTERNAL_KNOWLEDGE_REGISTER_NOT_AUTO_PUBLISHED,2026-08-16,
NAT-AEAT-001,,TAX_FILE,TRUE,DIRECT,AEAT collection,National,AEAT,AEAT,CO000952499,,,2025-2026,Pink Canary Services collection/recaudación,AEAT collection/tax file linked to AN PO 496/2026,Exact AEAT reference located,,,,MAD-AN-CONT-001,VERIFIED_PRIMARY,Gmail/Drive Pink Canary AEAT corpus,archive/PROCEEDINGS_MASTER_REGISTER_PROTOCOL.md,"Complete administrative file, challenged acts and current collection status",INTERNAL_KNOWLEDGE_REGISTER_NOT_AUTO_PUBLISHED,2026-08-16,
NAT-AEAT-002,,TAX_FILE,TRUE,DIRECT,AEAT sanction,National,AEAT,AEAT,A5179591986,,,2025-2026,Pink Canary Services tax/sanction perimeter,AEAT sanction file,Exact reference located,,,,,VERIFIED_PRIMARY,Gmail/Drive Pink Canary AEAT corpus,archive/PROCEEDINGS_MASTER_REGISTER_PROTOCOL.md,"Complete sanction file, challenged act, appeal/review status and relationship to PO 496/2026",INTERNAL_KNOWLEDGE_REGISTER_NOT_AUTO_PUBLISHED,2026-08-16,
NAT-AEAT-COM-003,,UNASSIGNED_COMMUNICATION,FALSE,REGISTERED_ONLY,AEAT / ONIF complaint,National,AEAT / ONIF,Assignment unknown,Tax complaint filed 07/07/2026,DENUNCIA_TRIBUTARIA_AEAT_ONIF_SUN_PARK_MYND_YAIZA_7JUL2026,,2026,Sun Park / MYND Yaiza tax perimeter,Registered tax complaint; not yet an assigned proceeding,Filed; assigned expediente not located,,,,,VERIFIED_PROCEDURAL,DENUNCIA_TRIBUTARIA_AEAT_ONIF_SUN_PARK_MYND_YAIZA_7JUL2026 (firmado).pdf,archive/PROCEEDINGS_MASTER_REGISTER_PROTOCOL.md,"Assigned AEAT/ONIF expediente, unit and outcome",INTERNAL_KNOWLEDGE_REGISTER_NOT_AUTO_PUBLISHED,2026-08-16,
MAD-ICAM-001,,PROFESSIONAL_DISCIPLINE,TRUE,SUPERVISION,Professional discipline,Madrid,ICAM,ICAM,Expediente Preliminar 434/26,,,2026,Professional-conduct perimeter,ICAM preliminary disciplinary/deontological file,Exact reference located,,,,,VERIFIED_PRIMARY,Gmail ICAM corpus,archive/PROCEEDINGS_MASTER_REGISTER_PROTOCOL.md,"Complete official file, respondent/scope, current status and final decision",INTERNAL_KNOWLEDGE_REGISTER_NOT_AUTO_PUBLISHED,2026-08-16,
MAD-CCACM-002,,PROFESSIONAL_DISCIPLINE,TRUE,SUPERVISION,Professional review / appeal,Madrid,Consejo de Colegios de Abogados de la Comunidad de Madrid,CCACM,Exp. 193/2026,,,2026,Professional-conduct review linked to ICAM 434/26,CCACM file,Exact reference located,,,MAD-ICAM-001,,VERIFIED_PRIMARY,Gmail ICAM/CCACM corpus,archive/PROCEEDINGS_MASTER_REGISTER_PROTOCOL.md,"Complete record, procedural relationship to ICAM file and final decision",INTERNAL_KNOWLEDGE_REGISTER_NOT_AUTO_PUBLISHED,2026-08-16,
MAD-ICAM-003,,PROFESSIONAL_DISCIPLINE,TRUE,SUPERVISION,Professional discipline,Madrid,ICAM,ICAM,Expediente 1487/26,,,2026,Professional-conduct perimeter,ICAM disciplinary/deontological file,Archived; recurso de alzada filed 6 Jul 2026; assigned appeal ref not located,,,,,VERIFIED_PRIMARY,Controlled ICAM correspondence; exact private mailbox locator withheld,archive/PROCEEDINGS_MASTER_REGISTER_PROTOCOL.md,"Archive decision, appeal registration/assigned reference and final review",INTERNAL_KNOWLEDGE_REGISTER_NOT_AUTO_PUBLISHED,2026-08-16,
MAD-ICAM-004,,PROFESSIONAL_DISCIPLINE,TRUE,SUPERVISION,Professional discipline,Madrid,ICAM,ICAM,Expediente 493/26,,,2026,Professional-conduct perimeter,ICAM file,Archivo de actuaciones notified 5 May 2026,,,,,VERIFIED_PRIMARY,Controlled ICAM notice and act; exact private filename and mailbox locator withheld,archive/PROCEEDINGS_MASTER_REGISTER_PROTOCOL.md,Complete file and any appeal/review,INTERNAL_KNOWLEDGE_REGISTER_NOT_AUTO_PUBLISHED,2026-08-16,
MAD-ICAM-005,,PROFESSIONAL_DISCIPLINE,TRUE,SUPERVISION,Professional discipline,Madrid,ICAM,ICAM,Expediente 1566/26,,,2026,Professional-conduct perimeter,ICAM file incorporating incoming deontological complaint material,ICAM email 5 Jul 2026 confirms incorporation into file,,,,,VERIFIED_PRIMARY,Controlled ICAM incorporation notice and registered document; exact private filename and mailbox locator withheld,archive/PROCEEDINGS_MASTER_REGISTER_PROTOCOL.md,"Exact respondent/scope, procedural status and final decision",INTERNAL_KNOWLEDGE_REGISTER_NOT_AUTO_PUBLISHED,2026-08-16,
NAT-CNMV-001,,REGULATORY_FILE,TRUE,SUPERVISION,CNMV,National,CNMV,CNMV,2024136159,,,2024-2026,RICPE / Orion / investor-supervision perimeter,CNMV consultation/supervisory reference,Reference confirmed in controlled CNMV correspondence,,,,,VERIFIED_PRIMARY,CNMV official correspondence; see CR-008/CR-016,archive/PROCEEDINGS_MASTER_REGISTER_PROTOCOL.md,Complete material lodged/considered and current disposition subject to supervisory secrecy,INTERNAL_KNOWLEDGE_REGISTER_NOT_AUTO_PUBLISHED,2026-08-16,
NAT-CNMV-002,,REGULATORY_FILE,TRUE,SUPERVISION,CNMV,National,CNMV,CNMV,2024174266,,,2024-2026,RICPE / Orion / investor-supervision perimeter,Separate CNMV consultation/supervisory reference,Reference confirmed in controlled CNMV correspondence,,,,,VERIFIED_PRIMARY,CNMV official correspondence; see CR-008/CR-016,archive/PROCEEDINGS_MASTER_REGISTER_PROTOCOL.md,Complete material lodged/considered and current disposition subject to supervisory secrecy,INTERNAL_KNOWLEDGE_REGISTER_NOT_AUTO_PUBLISHED,2026-08-16,
NAT-AID-001,,PUBLIC_AID_FILE,TRUE,ADMINISTRATIVE_PERIMETER,Regional incentives / public aid,Canary Islands / national funding interface,Public-aid / regional-incentive administration — exact custodian to verify,Exact custodian to verify,GC/836/P06,also normalized in corpus as GC/0836/P06,,project file,MYND Yaiza / regional incentives / public-funds perimeter,Regional incentives/public-aid project file,Reference located in controlled source corpus,,,,,VERIFIED_PRIMARY,Gmail/Drive public-funds corpus; MISSING_EVIDENCE_REGISTER,archive/PROCEEDINGS_MASTER_REGISTER_PROTOCOL.md,"Exact competent organ, application, beneficiary, eligible costs, grant/approval/payment/recovery history",INTERNAL_KNOWLEDGE_REGISTER_NOT_AUTO_PUBLISHED,2026-08-16,
NAT-TES-001,"ADM-CAN-002; ADM-NAT-004",ADMINISTRATIVE_FILE,TRUE,ADMINISTRATIVE_PERIMETER,Treasury / transparency,Canary Islands,Dirección General del Tesoro y Política Financiera,Dirección General del Tesoro y Política Financiera,Access-to-public-information file 7/2026,"Resolution 154/2026; Colabora 7-2026-0316134247; Reg. 1128746; REGAGE26e00065752755",,"2026-03 to 2026-08-28",Sun Park public-finance / Treasury access-production chain,Treasury access decision and staged documentary production,Partial access recognised; first staged delivery implemented and reviewed; remaining production open,28 Aug 2026 signed implementation act; first tranche 8 files / 734 pages reviewed,,,X-WB-005,VERIFIED_PRIMARY,"PD-SP-SRC-TREASURY-T7-2026-DELIVERY-20260828; PD-CANARY-RIC-PUBLIC-DEBT-20260830-01",archive/TESORO_TRANSPARENCIA_7_2026_CONTINUITY_AUDIT_28AUG2026.md,"Remaining staged Resolution 154/2026 production under ME-110; subscriber identity and allocation-rule gaps remain ME-108/109",INTERNAL_KNOWLEDGE_REGISTER_NOT_AUTO_PUBLISHED,2026-08-30,"Legacy NAT prefix retained for stable identity; this is a Canary Islands administrative file. X-WB-005 is the documented routing lineage; Resolution 28/2026 and GC/836/P06 remain separate contextual lanes."
CAN-OMB-001,,OMBUDSMAN_FILE,TRUE,SUPERVISION,Ombudsman,Canary Islands,Diputado del Común,Diputado del Común,Q26/574,,,2026,Institutional complaint/review perimeter,Ombudsman complaint,No-admission notified 19 Jun 2026; file closed; reconsideration sent 23 Jun 2026,,,,,VERIFIED_PRIMARY,Official Diputado del Común correspondence,archive/PROCEEDINGS_MASTER_REGISTER_PROTOCOL.md,Treatment/result of reconsideration,INTERNAL_KNOWLEDGE_REGISTER_NOT_AUTO_PUBLISHED,2026-08-16,
ESP-RSM-001,,PRIVATE_COMPLIANCE_FILE,TRUE,SUPERVISION,Law 2/2023 private compliance,Spain,RSM Spain internal information channel,RSM Spain internal information channel,NNR4-1025C2F66,,,2026,Law 2/2023 / compliance perimeter,Private internal-information/compliance file,Reference located; private compliance channel,,,,,VERIFIED_PRIMARY,RSM Spain channel correspondence,archive/PROCEEDINGS_MASTER_REGISTER_PROTOCOL.md,"Current handler, independence/preservation acts and final channel outcome",INTERNAL_ONLY_NOT_SITE_AGGREGATED,2026-08-16,Private compliance file; keep segregated from public-authority proceedings.
MAD-AN-CRI-003,,JUDICIAL_PROCEEDING,TRUE,DIRECT,Criminal,Madrid / Audiencia Nacional,Juzgado Central de Instrucción nº 3,Juzgado Central de Instrucción nº 3,DP / Procedimiento Abreviado 91/2023,,,2023-2024,Criminal track later reviewed in Sala Penal AN,Central investigating-court criminal proceeding,Official Fiscalía AN correspondence confirms reference,,,,,VERIFIED_PRIMARY,MF-AN-SRC-DP91-01; official Fiscalía AN correspondence; exact private subject filename and mailbox locator withheld,archive/PROCEEDINGS_MASTER_REGISTER_PROTOCOL.md,"Full docket, object, parties, operative orders and current/final status",INTERNAL_KNOWLEDGE_REGISTER_NOT_AUTO_PUBLISHED,2026-08-16,
MAD-AN-CRI-004,,APPEAL_ROLL,TRUE,DIRECT,Criminal appellate,Madrid / Audiencia Nacional,"Audiencia Nacional, Sala de lo Penal, Sección 3ª","Audiencia Nacional, Sala de lo Penal, Sección 3ª",Rollo / recurso 120/2024,Auto 119/2024 is an act within this roll,,2024,Appeal from DP 91/2023,Criminal appellate roll,Official Fiscalía AN correspondence confirms roll; Auto 119/2024 located,,,MAD-AN-CRI-003,,VERIFIED_PRIMARY,MF-AN-SRC-R120-01; MF-AN-SRC-R120-02; signed Auto 119/2024 attachment; exact private filename and mailbox locators withheld,archive/PROCEEDINGS_MASTER_REGISTER_PROTOCOL.md,"Complete roll, appeal grounds, signed Auto 119/2024, finality and later review",INTERNAL_KNOWLEDGE_REGISTER_NOT_AUTO_PUBLISHED,2026-08-16,
ESP-TS-001,,APPEAL_ROLL,TRUE,DIRECT,Criminal cassation,Spain,"Tribunal Supremo, Sala Segunda, Sección 1ª","Tribunal Supremo, Sala Segunda, Sección 1ª",Recurso 001/0001867/2024,,,2024,Likely linked to AN criminal appellate track; exact bridge to reconcile,Criminal cassation appeal,TS reference and interposition/certification attachments located,,,,MAD-AN-CRI-004,VERIFIED_PRIMARY,Controlled cassation filing and certification sources; exact private filenames and mailbox locator withheld,archive/PROCEEDINGS_MASTER_REGISTER_PROTOCOL.md,Signed TS admission/decision/current status and exact appealed AN act,INTERNAL_KNOWLEDGE_REGISTER_NOT_AUTO_PUBLISHED,2026-08-16,
VAL-CIV-001,,JUDICIAL_PROCEEDING,TRUE,DIRECT,Civil / banking / financial products,Valencia,Juzgado de Primera Instancia nº 27 de Valencia,Juzgado de Primera Instancia nº 27 de Valencia,ORD 1859/2023-9,"Aweswell Limited v CAIXABANK, S.A.",46250-42-1-2023-0049579,2023–2027,historic banking / financial-product package; Bankia enforcement; Arrecife Mortgage Enforcement 90/2012; Concurso 36/2012; hotel-asset economic history,"Nullity/restitution and subsidiary damages concerning the mortgage/floor/swap/refinancing/pledge/account/enforcement package, as described in the controlled public dossier",Pending and contested,Signed court diligence dated 6 Nov 2025 relisted hearing for 28 Jan 2027 at 10:00,,,,VERIFIED_PRIMARY_DERIVED_PUBLIC_CONTROL,,en/caixabank-valencia-claim/index.html; es/reclamacion-caixabank-valencia/index.html,"Native/certified file completeness, pleadings, merits disposition, service and finality remain tracked in the Valencia dossier",PUBLIC_CONTROLLED,2026-08-30,Canonical fields physically consolidated under correction key GAP-VAL-CAIXABANK-01859-2023; overlay retained as provenance.
TF-CIV-006,,JUDICIAL_PROCEEDING,TRUE,DIRECT,Civil fee and guarantee claim,Tenerife / La Laguna,Juzgado de Primera Instancia nº 5 de San Cristóbal de La Laguna,Juzgado de Primera Instancia nº 5 de San Cristóbal de La Laguna,Procedimiento Ordinario 344/2013,Sentencia 41/2014,,2013-2014,Garrigues fees / Gil and Patricia guarantee / Juan Tomás Parrilla defence,"Civil claim for EUR 63,441.67",Claim dismissed in full with first-instance costs against Garrigues,Seven-page judgment dated 18 Feb 2014 located; later 2015/2016 insolvency res judicata effect identified,,,,VERIFIED_PRIMARY_COPY,GLL-001.ORG; SHA-256 1d39af97262c5031a78c6857c96476f605c3e1c397968a0952b755d3d9ac8b2a,archive/GARRIGUES_LA_LAGUNA_344_2013_EVIDENCE_AND_COMMUNICATIONS_REGISTER_24AUG2026.md,Certified index; claim; defence; annexes; hearings; costs; appeal/finality,PUBLIC_ON_DEDICATED_RELEVANT_PAGE,2026-08-24,Original judgment attachment located and hashed; public transcription redacts administrative identifiers. Claim/defence are judgment-derived reconstructions only.
LZ-JUD-043,,JUDICIAL_PROCEEDING,TRUE,DIRECT,Criminal,Lanzarote / Arrecife,Juzgado de Instrucción nº 1 de Arrecife,Sección de Instrucción del Tribunal de Instancia de Arrecife — plaza nº 1,3205/2014,Juicio de faltas 3205/2014; later DP 3205/2014,,2014,Community-capacity access/key incident and authority-verification event,Contemporaneous complaint alleging physical contact during an access and key dispute; merits not established,"Primary complaint and court summons located; one complainant and one affected party; Community authority, incident corroboration and outcome unverified",September 2014 summons scheduled an October 2014 oral hearing; occurrence and outcome not located,,,,PRIMARY_COMPLAINT_AND_OFFICIAL_SUMMONS_LOCATED_OUTCOME_OPEN,PD-SP-SRC-DP3205-2014-COURT-SUMMONS-20140919; PD-SP-SRC-DP3205-2014-POLICE-COMPLAINT-20140903; PD-SP-SRC-DP3205-2014-SUMMARY-20181120,archive/DP3205_2014_ARRECIFE_SOURCE_TRANSLATION_AUTHORITY_ALLEGATIONS_CONTROL_30AUG2026.md,"Certified docket and label bridge; medical and objective incident evidence; incident-date authority/access/guest/agency; hearing, disposition, appeal and finality",PUBLIC_CONTROLLED_PRIMARY_SOURCE_DERIVATIVE_OUTCOME_OPEN,2026-08-30,"Keep distinct from DP 332/2014, DP 1132/2018, Fiscalía 39/2014, Concurso 36/2012 and every other proceeding absent primary proof of a formal relationship."
GC-REF-031,GC-REF-031,UNRESOLVED_REFERENCE,UNVERIFIED,DIRECT,Judicial — exact class pending,Gran Canaria,Las Palmas de Gran Canaria — exact judicial organ pending primary source,Las Palmas de Gran Canaria — exact custodian pending primary source,548/2023,User-supplied locator: Plaza 2 · T1,,2023 (reference year only),Gran Canaria judicial-reference lead; no Sun Park/Concurso nexus presently established,"Exact procedure class, parties, object and relevance not established",Unverified candidate; not assigned to a verified proceeding identity,"30 Aug 2026 finite repository, Gmail, Drive and public-source scan did not locate a primary case header",,,,OPEN_REFERENCE,"Gil Marer instruction, 30 Aug 2026 — lead only; not primary institutional evidence",archive/GC_548_2023_PLAZA2_T1_CARET_CONTINUITY_CONTROL_30AUG2026.md,"Signed/native case header; NIG; exact court section and plaza; procedure class and full reference; parties/capacities; object; current procedural status; counsel/procurador/personación; filings, decisions, appeals and evidence-based relationship to any existing Por Derecho matter",PUBLIC_SUMMARY_WITH_IDENTITY_GAP,2026-08-30,"Do not conflate with public 548/2023 collisions or with Concurso 36/2012. “Plaza 2 · T1” is retained as a user-supplied locator, not an authenticated official organ name. No direct edge is admitted until a primary source establishes material relevance."
LZ-REF-042,,UNRESOLVED_REFERENCE,UNVERIFIED,REGISTERED_ONLY,Unclassified judicial reference,Lanzarote,Arrecife — exact organ pending,Arrecife — exact organ pending,4009/2015,,,2015,Historical Arrecife / Sun Park candidate-reference corpus,"User-supplied exact reference; case class, parties, object and legal relationship not yet established",Exact proceeding identity and status unverified,,,,,OPEN_REFERENCE,"Gil Marer continuity instruction dated 30 Aug 2026; exact searches of current repository, connected Gmail, Google Drive, ChatGPT Library and public web located no primary case source",archive/ARRECIFE_4009_2015_CARET_INTERLINK_CONTROL_30AUG2026.md,"Primary signed court/LAJ/Fiscalía source establishing exact organ, case class, parties, NIG, object, dates, filings, decisions, appeal/finality and relationship to Sun Park/connected proceedings",INTERNAL_KNOWLEDGE_REGISTER_NOT_AUTO_PUBLISHED,2026-08-30,"Stable candidate only. CAEPR PD-SP-R-0022 is CARET_PENDING. Do not merge with P.O. 213/2015, P.O. 562/2014, DP 332/2014, DP 1132/2018, AP 89/2014, 168/2015, 3017/2014 or another Arrecife file without primary proof. Contextual placement in the historical Arrecife lane is not a direct procedural edge."
LZ-FIS-045,,FISCALIA_FILE,TRUE,DIRECT,Fiscalía,Lanzarote / Arrecife,Fiscalía de Área de Arrecife de Lanzarote–Puerto del Rosario,Fiscalía de Área de Arrecife de Lanzarote–Puerto del Rosario,DI preprocesal 114/2025,"DI 114/2025; DIP 114/2025",3501670220250003875,2025-2026,"Complaint naming FTI Touristik, Meeting Point Hotels and Hotel New Trend; alleged appropriation fraud usurpation and falsity theories",Fiscalía pre-procedural investigation,Archived; notified 14 Jan 2026; judicial reiteration expressly preserved,Official notification signed by Ramona Muñoz Casas; substantive decree signer not visibly identified,,,,VERIFIED_PRIMARY_COPY,"Official 14-Jan-2026 notification enclosing the three-page decree/notice",evidence/fiscalia/2026/MINISTERIO_FISCAL_WIDER_MATTER_EG745_UNITARY_EVIDENCE_ACTION_DIGEST_31AUG2026.md,"Complete certified file; investigating fiscal; performed diligences/source inventory; any later judicial reiteration or destination",PUBLIC_SUMMARY_WITH_PROCEDURAL_LIMITS,2026-08-31,"CAEPR PD-SP-R-0027 (^). Archive reasoning described the complaint as insufficiently concrete/generic and does not establish the allegations false, improper motive, coordination or criminality."
TF-FIS-007,,FISCALIA_FILE,TRUE,DIRECT,Fiscalía,Tenerife → Gran Canaria,Fiscalía Provincial de Santa Cruz de Tenerife,Fiscalía Provincial de Las Palmas,DIP 20/2026,0000020/2026,3803870220260000387,2026,RIC hotel-investment representations and possible falsity/Public Treasury allegations,Fiscalía pre-procedural investigation and territorial referral,Opened and territorially referred to Las Palmas on 27 Jan 2026,Official decree and notice sent 30 Jan 2026,,,GC-FIS-016,VERIFIED_PRIMARY,"Native decree SHA-256 efd4eee1d4c9f4bddf2d5ca1f0c413f18bbb83ad19d2535b554cdb2f66ffb501; notice SHA-256 be32d01f32bce0f7ce6f9957f9034ffb6b97502938f5aea1178973abf835e989",archive/public_office_communications/fiscalia_tenerife/2026-01-30_DIP20/2026-01-27_30__FISCALIA_TENERIFE__DIP20_2026__CONTROLLED_RECORD_ES_EN.md,"Receiving reference, complete transferred corpus, assigned fiscal and differentiated treatment in Las Palmas",PUBLIC_SUMMARY_WITH_PROCEDURAL_LIMITS,2026-08-31,"CAEPR PD-SP-R-0028 (^). José Luis Sánchez-Jáuregui y Alcaide signed the acts. Referral is not merits acceptance or proof of destination investigation."
GC-FIS-032,,FISCALIA_FILE,TRUE,DIRECT,Fiscalía,Canary Islands,Fiscalía de la Comunidad Autónoma de Canarias,Fiscalía de la Comunidad Autónoma de Canarias,Expediente Gubernativo 44/2026,"EG 44/2026; E.G. 44/2026",,2026-03-16/30,Possible criminal relevance concerning protected/insolvency assets and public funds; competence/aforado assessment,Superior-Fiscalía governmental file,Opened and archived by signed decree on 30 Mar 2026 for stated territorial/objective competence reasons,Decree records copies/remissions to identified territorial/judicial destinations,,,,VERIFIED_PRIMARY_COPY,"Signed EG 44/2026 decree dated 30 Mar 2026 by Vicente Máximo Garrido García as Fiscal Superior por suplencia",evidence/fiscalia/2026/MINISTERIO_FISCAL_WIDER_MATTER_EG745_UNITARY_EVIDENCE_ACTION_DIGEST_31AUG2026.md,"Complete file/index; exact receiving destinations and acknowledgements; material before decision-maker; later territorial treatment",PUBLIC_SUMMARY_WITH_PROCEDURAL_LIMITS,2026-08-31,"CAEPR PD-SP-R-0029 (^). Competence archive and remissions are not merits findings and do not prove coordination, obstruction or criminality."
TF-FIS-008,,FISCALIA_FILE,TRUE,DIRECT,Fiscalía,Tenerife,Fiscalía Provincial de Santa Cruz de Tenerife,Fiscalía Provincial de Santa Cruz de Tenerife,Expediente Gubernativo 95/2026,"EG 95/2026; E.G. 95/2026",,2026-08-21,"Tenerife preservation association and finite-evidence requests linked to DP 748/2026 ETJ 163/2020 and Cambiario 1048/2019",Provincial governmental file,Opened and archived 21 Aug 2026 on stated judicialisation/parallel-investigation reasoning,Signed decree and notification located,,,"TF-CRI-003; TF-CIV-001; TF-CIV-002; TF-FIS-007",VERIFIED_PRIMARY,"Native EG95 decree and controlled correspondence; source hashes in canonical manifest",archive/public_office_communications/fiscalia_tenerife/2026-08-21_EG95/2026-08-21__FISCALIA_TENERIFE__EG95__SCOPE_AND_SOURCE_MANIFEST.md,"Judicial decision of 16 Jul cited by decree; DIP 7/2026 and DIP 12/2026 native identities/scope; proof of incorporation into DP 748; individual request treatment",PUBLIC_SUMMARY_WITH_PROCEDURAL_LIMITS,2026-08-31,"CAEPR PD-SP-R-0032 (^). Archive did not declare the supplied documents false irrelevant or insufficient and did not prove incorporation into DP 748/2026."
GC-FIS-033,,FISCALIA_FILE,TRUE,DIRECT,Fiscalía,Canary Islands,Fiscalía de la Comunidad Autónoma de Canarias,Fiscalía de la Comunidad Autónoma de Canarias,Expediente Gubernativo 112/2026,"EG 112/2026; E.G. 112/2026",,2026-08-02/25,Aforado clarification and newer civil/mercantile territorial-routing questions,Superior-Fiscalía governmental file,Archived 20 Aug 2026; clarified 23 Aug while maintaining closure,Clarification notified 25 Aug 2026,,,GC-FIS-017,VERIFIED_PRIMARY,"Native signed clarification SHA-256 3dc2ce45dc02c30edf5b10d017d0d97b9c36351ee84b195d03e7033c3a16aa57",evidence/fiscalia/eg-112-2026/README.md,"Complete file/index; original 20-Aug decree; exact examined corpus; transfer/association treatment by Provincial Las Palmas",PUBLIC_SUMMARY_WITH_PROCEDURAL_LIMITS,2026-08-31,"CAEPR PD-SP-R-0033 (^). Jaime Serrano-Jover González signed the clarification. Reference to DIP 2 does not merge the files or establish a new judge-related allegation or criminality."
NAT-FIS-004,,FISCALIA_FILE,TRUE,SUPERVISION,Fiscalía inspection,National / Madrid,Inspección Fiscal de la Fiscalía General del Estado,Inspección Fiscal de la Fiscalía General del Estado,E.G. 745/2026,"EG 745/2026; Expediente Gubernativo 745/2026",,2026-08-02/31,"Functional reconstruction across DI 248 DI 113 DI 22 DIP 2 EG 49 and DP 1901; preservation production and routing requests",Inspection/governmental file,Archived by signed decree 26 Aug 2026; reposición prepared but not verified filed,20/21-Aug central acknowledgement proves receipt only; 31-Aug filing-proof control remained negative,Reconsideration/direct review routes stated by notice,,"GC-FIS-013; GC-FIS-014; GC-FIS-016; GC-FIS-017; GC-FIS-018; GC-CRI-008",VERIFIED_PRIMARY,"REGAGE26e00070235775; decree SHA-256 1e09c8eb3bce26e28dc5f22e5d6ebad3f458212cf8d85f5920e869fa42554abe",evidence/fiscalia/2026/MINISTERIO_FISCAL_WIDER_MATTER_EG745_UNITARY_EVIDENCE_ACTION_DIGEST_31AUG2026.md,"Complete file/index; 2/3-Aug routing; request-by-request treatment; six-file examination inventory; preservation/remission record; native verifiable act; actor chain",PUBLIC_SUMMARY_WITH_PROCEDURAL_LIMITS,2026-08-31,"CAEPR PD-SP-R-0034 (^). María José Osuna Cerezo signed the decree and Olalla Vázquez Moraga the notice. Archive/silence/gaps do not prove bad faith obstruction coordination prevarication or criminality."
LZ-JUD-046,,JUDICIAL_PROCEEDING,TRUE,DIRECT,Criminal,Lanzarote / Arrecife,Juzgado de Guardia de Arrecife → Juzgado de Instrucción nº 2 de Arrecife,Juzgado de Instrucción nº 2 de Arrecife,DP 668/2021,Originating DP 616/2021,,2021,"Complaint containing RIC title works/demolition value and ownership-representation allegations later referenced in DI 113/2022",Arrecife criminal complaint and allocation chain,Signed DI 113/2022 decree recites provisional dismissal on 22 Mar 2021 and no appeal; native orders not located,12-Mar DP 616 and 22-Mar DP 668 acts are described on the controlled public page but remain primary-pending,,,GC-FIS-014,CORPUS_REPORTED_PRIMARY_PENDING,"Signed DI 113/2022 archive decree dated 8 Feb 2023; controlled public-page source notes for the reported 12/22-Mar chain",en/ric-private-equity-sun-park/index.html; es/ric-private-equity-sun-park/index.html,"Certified docket and reparto bridge; native orders; NIG; full complaint/annex index; Ministerio Fiscal receipt/report; notice and finality",PUBLIC_SUMMARY_WITH_PROCEDURAL_LIMITS,2026-08-31,"CAEPR PD-SP-R-0035 (^). Preserve DP 616/2021 and DP 668/2021 as distinct source literals within the reported allocation chain until certified records fix their exact relationship. Referral does not prove personal receipt or substantive assessment by an identified prosecutor."
GC-FIS-034,,FISCALIA_FILE,TRUE,DIRECT,Fiscalía,Gran Canaria,Fiscalía Provincial de Las Palmas,Fiscalía Provincial de Las Palmas,Expediente Gubernativo 33/2025,"EG 33/2025; E.G. 33-25; E.G. 33/2025",,2025-03-03,Earlier provincial file in the wider Ministerio Fiscal record,Provincial governmental file,Exact file and opening notice located; any later disposition remains unverified,Official 3-Mar-2025 notification enclosed an inception/opening document,,,,VERIFIED_PRIMARY_COPY,"Official 3-Mar-2025 notification enclosing the inception/opening document",evidence/fiscalia/2026/MF_MAILBOX_REGAGE_CONTROL_31AUG2026.md,"Complete file/index; signed native opening act; any later disposition including the reported 28-Feb reference; NIG; signatory; material examined",PUBLIC_SUMMARY_WITH_PROCEDURAL_LIMITS,2026-08-31,"CAEPR PD-SP-R-0036 (^). The located event proves this distinct file and opening-notice checkpoint only; it does not establish a merits outcome."
NAT-FIS-005,,FISCALIA_FILE,TRUE,REGISTERED_ONLY,Fiscalía central citizen-attention,National / Madrid,Fiscalía General del Estado — Atención al Ciudadano,Fiscalía General del Estado — Atención al Ciudadano,CC/CA 12/2025,,,2025-01-27,Central citizen-attention route in the wider Ministerio Fiscal record,Central correspondence/tracking file,Exact reference and official correspondence located; no merits disposition established,Official central correspondence dated 27 Jan 2025,,,,VERIFIED_PROCEDURAL,"Official central citizen-attention correspondence dated 27 Jan 2025",evidence/fiscalia/2026/MF_MAILBOX_REGAGE_CONTROL_31AUG2026.md,"Complete file/index; object; underlying act if any; transfer/assignment; NIG; signatory; outcome",PUBLIC_SUMMARY_WITH_PROCEDURAL_LIMITS,2026-08-31,"CAEPR PD-SP-R-0037 (^). Correspondence proves receipt/handling only, not admission, investigation, transfer or merits review."
GC-FIS-035,,FISCALIA_FILE,TRUE,DIRECT,Fiscalía,Canary Islands,Fiscalía de la Comunidad Autónoma de Canarias,Fiscalía de la Comunidad Autónoma de Canarias,Expediente Gubernativo 6/2026,"EG 6/2026; E.G. 6/2026",,2026-02-11,Earlier superior-office file in the wider Ministerio Fiscal record,Superior-Fiscalía governmental file,Exact reference and official notice located; underlying act/content not yet source-digested,Official notice dated 11 Feb 2026,,,,VERIFIED_PROCEDURAL,"Official Fiscalía de la Comunidad Autónoma de Canarias notice dated 11 Feb 2026",evidence/fiscalia/2026/MF_MAILBOX_REGAGE_CONTROL_31AUG2026.md,"Underlying act; object; full file/index; disposition; NIG; signatory; material examined; any transfer or later treatment",PUBLIC_SUMMARY_WITH_PROCEDURAL_LIMITS,2026-08-31,"CAEPR PD-SP-R-0038 (^). Notice provenance proves the distinct file reference only; no merits classification or outcome is inferred."
NAT-FIS-006,,FISCALIA_FILE,TRUE,REGISTERED_ONLY,Fiscalía technical routing,National / Madrid,Secretaría Técnica de la Fiscalía General del Estado,Secretaría Técnica de la Fiscalía General del Estado,ST 553/2026,"S.T. 553/2026",,2026-07-02/06,Central technical receipt/handling route in the wider Ministerio Fiscal record,Technical Secretariat tracking file,Signed acknowledgement proves receipt/handling only,Act dated 2 Jul and notified/received 6 Jul 2026,,,,VERIFIED_PRIMARY_COPY,"Signed official acknowledgement dated 2 Jul and notified 6 Jul 2026",evidence/fiscalia/2026/MF_MAILBOX_REGAGE_CONTROL_31AUG2026.md,"Complete file/index; object; internal transfer/association; assigned officer; NIG; signatory identity; later action or outcome",PUBLIC_SUMMARY_WITH_PROCEDURAL_LIMITS,2026-08-31,"CAEPR PD-SP-R-0039 (^). Acknowledgement is not admission, investigation, association with another file or merits review."
NAT-FIS-007,,FISCALIA_FILE,TRUE,REGISTERED_ONLY,Fiscalía technical routing,National / Madrid,Secretaría Técnica de la Fiscalía General del Estado,Secretaría Técnica de la Fiscalía General del Estado,ST 104/2025,"S.T. 104/2025",,2025-02-20/12-17,Earlier central technical receipt/handling route in the wider Ministerio Fiscal record,Technical Secretariat tracking file,Repeated official acknowledgements prove a distinct handling reference and receipt checkpoints only,Official acknowledgements located 20 and 27 Feb 6 and 10 Jun and 17 Dec 2025,,,,VERIFIED_PROCEDURAL,"Official 2025 acknowledgements under the exact ST 104/2025 reference",evidence/fiscalia/2026/MF_MAILBOX_REGAGE_CONTROL_31AUG2026.md,"Complete file/index; object; internal transfer/association; assigned officer; NIG; signatory identity; later action or outcome",PUBLIC_SUMMARY_WITH_PROCEDURAL_LIMITS,2026-08-31,"CAEPR PD-SP-R-0040 (^). Repeated acknowledgements prove the distinct technical reference, not admission, investigation, transfer or merits review."
TF-FIS-009,,UNRESOLVED_REFERENCE,UNVERIFIED,DIRECT,Fiscalía,Tenerife,"Fiscalía Provincial de Santa Cruz de Tenerife — reference context; exact owning office to verify","Exact Ministerio Fiscal office and current custodian to verify",DIP 7/2026,,,2026,"Referenced in EG 95/2026 alongside DIP 12/2026 and DIP 20/2026; no relationship beyond the reference is established",Unresolved Fiscalía file reference; exact subject and scope not located,Mentioned in the signed EG 95/2026 decree; independent native file not located,Signed EG 95/2026 decree dated 21 Aug 2026 references DIP 7/2026,,,TF-FIS-008,CORPUS_REPORTED_PRIMARY_PENDING,"Signed EG 95/2026 decree dated 21 Aug 2026",archive/public_office_communications/fiscalia_tenerife/2026-08-21_EG95/2026-08-21__FISCALIA_TENERIFE__EG95__SCOPE_AND_SOURCE_MANIFEST.md,"Native opening/archive acts; exact owning office; reference class; NIG; subject; dates; signatory; status; relationship to EG 95/2026 or other files",PUBLIC_SUMMARY_WITH_IDENTITY_GAP,2026-08-31,"CAEPR PD-SP-R-0041 CARET_PENDING. Stable unresolved-reference record prevents orphaning; it does not establish a distinct verified file, subject, merits, outcome, coordination or wrongdoing."
TF-FIS-010,,UNRESOLVED_REFERENCE,UNVERIFIED,DIRECT,Fiscalía,Tenerife,"Fiscalía Provincial de Santa Cruz de Tenerife — reference context; exact owning office to verify","Exact Ministerio Fiscal office and current custodian to verify",DIP 12/2026,,,2026,"Referenced in EG 95/2026 alongside DIP 7/2026 and DIP 20/2026; no relationship beyond the reference is established",Unresolved Fiscalía file reference; exact subject and scope not located,Mentioned in the signed EG 95/2026 decree; independent native file not located,Signed EG 95/2026 decree dated 21 Aug 2026 references DIP 12/2026,,,TF-FIS-008,CORPUS_REPORTED_PRIMARY_PENDING,"Signed EG 95/2026 decree dated 21 Aug 2026",archive/public_office_communications/fiscalia_tenerife/2026-08-21_EG95/2026-08-21__FISCALIA_TENERIFE__EG95__SCOPE_AND_SOURCE_MANIFEST.md,"Native opening/archive acts; exact owning office; reference class; NIG; subject; dates; signatory; status; relationship to EG 95/2026 or other files",PUBLIC_SUMMARY_WITH_IDENTITY_GAP,2026-08-31,"CAEPR PD-SP-R-0042 CARET_PENDING. Stable unresolved-reference record prevents orphaning; it does not establish a distinct verified file, subject, merits, outcome, coordination or wrongdoing."
UNK-FIS-001,,UNRESOLVED_REFERENCE,UNVERIFIED,DIRECT,Fiscalía,Exact territory to verify,Exact Ministerio Fiscal office to verify,Exact Ministerio Fiscal office and current custodian to verify,EG 58/2026,"E.G. 58/2026",,2026,Wider Ministerio Fiscal corpus reference only,Unresolved governmental/prosecutorial reference; exact file class and object not located,Reference preserved; discrete official act and exact institutional identity not located,31-Aug-2026 mailbox/REGAGE control retained EG 58/2026 as SOURCE REQUIRED,,,,OPEN_REFERENCE,evidence/fiscalia/2026/MF_MAILBOX_REGAGE_CONTROL_31AUG2026.md,evidence/fiscalia/2026/MF_MAILBOX_REGAGE_CONTROL_31AUG2026.md,"Discrete official act; exact office and file class; NIG; object; dates; signatory; status; relationships and outcome",PUBLIC_SUMMARY_WITH_IDENTITY_GAP,2026-08-31,"CAEPR PD-SP-R-0043 CARET_PENDING. Stable unresolved-reference record prevents orphaning; the number alone does not establish a distinct verified file, office, subject, merits, outcome, coordination or wrongdoing."
