evidence_id,sha256,family,member,bytes,pages,occurrence_count
PD-CAB-SAIP-PDF-0022,c46c01b468c69b1bdaf265e056af6d83b20ed3b3bcf91c067baf25709a681b0f,19995/2023,19995_2023/20260313_20231117_5DNILA~1(1)-redacted.pdf,3479254,1,1
PD-CAB-SAIP-PDF-0023,516647f04df1aa8d70c08cc7f26e77853e81cd99fe14da92f2ad3387151c4fdd,19995/2023,19995_2023/20260313_20231117_ACTA CDAD PROPIETA~1(1)-redacted.pdf,2724121,7,1
PD-CAB-SAIP-PDF-0024,19417a707d081d54ac080eeb653e607ce2e82210889e6d2a14b1628a1145162c,19995/2023,19995_2023/20260313_20231117_COMUNICACION DE ENCARGO~1-redacted.pdf,615354,4,1
PD-CAB-SAIP-PDF-0025,fe7baf5a7258e970e9fe0f90fafeea10fa92791c05f807539098f45cf8848514,19995/2023,19995_2023/20260313_20231117_COMUNICACIÓN DE ALOJAMIENTO 151123~1-redacted.pdf,469620,2,1
PD-CAB-SAIP-PDF-0026,10f2d85899a74d25016f8f6e22d4a4e326e839043669c41ae6918f12f2473849,19995/2023,19995_2023/20260313_20231117_DECLARACION RESPONSABLE~2-redacted.pdf,446969,2,1
PD-CAB-SAIP-PDF-0027,fd62a954fe2e18bb1387016ad58269bc932df4041d3cc55a2b68348670e606ab,19995/2023,19995_2023/20260313_20231117_ESCRITURA CONSTITUCION SCDAD~1-redacted.pdf,281498,47,1
PD-CAB-SAIP-PDF-0028,e092bd00877b855c96c2381d733616a5db594cad7a424fbc2b919ddb724ec492,19995/2023,19995_2023/20260313_20231117_HOJA_DE DIRECCION~1-redacted.pdf,442930,3,1
PD-CAB-SAIP-PDF-0029,144808d09d120c0bc3bf8cee17077d112b2a86ddeb40d7f7b0f9389711b2d0a7,19995/2023,19995_2023/20260313_20231117_PROYECTO BASICO Y DE EJECUCION 22-009~1-redacted.pdf,10843855,551,1
PD-CAB-SAIP-PDF-0030,5dde47f08436b55a29341f1652cbd2581c108758e1b4930fc875714e5f4c32f0,19995/2023,19995_2023/20260313_20231117_PROYECTO BASICO Y DE EJECUCIÓN 22-009~2-redacted.pdf,9405988,9,1
PD-CAB-SAIP-PDF-0031,7faa910877dc4ad0a326205d61d0714009a9b1385abc293d0ad911d73831620d,19995/2023,19995_2023/20260313_20231117_PROYECTO BASICO Y DE EJECUCIÓN 22-009~3-redacted.pdf,31057463,13,1
PD-CAB-SAIP-PDF-0032,be7800b5988d725cd3d7a56f64447701baef2d273f022e075b711d0c2c46feee,19995/2023,19995_2023/20260313_20231117_PROYECTO BÁSICO Y DE EJECUCIÓN 22-009~4-redacted.pdf,19540622,5,1
PD-CAB-SAIP-PDF-0033,71eb716dc8bb656893e0fdc105b0e8306f37171b104f50d006bf3d6d1bf1f26d,19995/2023,19995_2023/20260313_20231117_PROYECTO BÁSICO Y DE EJECUCIÓN 220AB0~1-redacted.pdf,27171664,9,1
PD-CAB-SAIP-PDF-0034,df0fc914523a9d479b143a68bf9c22673bedeec131def28949cd56b6ba197175,19995/2023,19995_2023/20260313_20231117_PROYECTO BÁSICO Y DE EJECUCIÓN 2222CB~1-redacted.pdf,676888,10,1
PD-CAB-SAIP-PDF-0035,ee252a947c7c4ae6e80de76d7cf2e7048056277bb347f9485889db80f29120d4,19995/2023,19995_2023/20260313_20231117_PROYECTO BÁSICO Y DE EJECUCIÓN 222A73~1-redacted.pdf,992872,1,1
PD-CAB-SAIP-PDF-0036,a5660588fccdd16ca45c4085afc5049d8a95466064cd09797846e065bb0a1b2c,19995/2023,19995_2023/20260313_20231117_PROYECTO BÁSICO Y DE EJECUCIÓN 2239D0~1-redacted.pdf,10999644,7,1
PD-CAB-SAIP-PDF-0037,1c1182b98cba8c9edd6237a2c5774684bb9c6f20386ef4265d175c1ab2998770,19995/2023,19995_2023/20260313_20231117_PROYECTO BÁSICO Y DE EJECUCIÓN 22F7FE~1-redacted.pdf,1928961,6,1
PD-CAB-SAIP-PDF-0038,f4386eac95f593168e82d91ec20dde1b36956d61ea53f752d2f40e14140627dd,19995/2023,19995_2023/20260313_20231117_PROYECTO BÁSICO Y DE EJECUCIÓN 22FD0F~1-redacted.pdf,30361117,3,1
PD-CAB-SAIP-PDF-0039,86bd30581d46e1d7f0925a985a0b46be702a8db6c3348af85128d6242d1f89ac,19995/2023,19995_2023/20260313_20231117_Solicitud_Instancia firmada-2023-E-RE-22192(2)-redacted.pdf,321813,3,1
PD-CAB-SAIP-PDF-0040,102c7a3147561d8d3c33d9e3ba8e14a05e6e793300b83ccd0a6841b7e450fb76,19995/2023,19995_2023/20260313_20240117_CABILDO DE LANZAROTE declaracion responsable 14.01.23 laura (1)(1)-redacted.pdf,113149,2,1
PD-CAB-SAIP-PDF-0041,a6bfcf25aa288f8745bd879aca4f093492e98c1152a68175185d9d013243f31e,19995/2023,19995_2023/20260313_20240117_Solicitud_Instancia firmada-2024-E-RE-738(2)-redacted.pdf,300118,2,1
PD-CAB-SAIP-PDF-0042,11f73f799580df5f23121a6c016e8d221f9c4b33cb4d63895676f91e8d26e8a2,19995/2023,19995_2023/20260313_20240405_Comunicación_Comunicación_Toma de conocimiento DR art6 L5_2021(2).pdf,287601,2,1
